document_id,title,retrieval_text_char_count,chunk_count,sections,max_body_char_count,max_text_char_count,blank_fields
ontong_youth_20250430005400210741,청년근로자 복리후생 지원,1111,23,application_method|application_period|eligibility|notes|overview|required_documents|screening|support_content,196,416,operating_agency|reference_url_2
ontong_youth_20260513005400213204,부산 청년 일하는 기쁨카드 지원,692,24,application_method|application_period|eligibility|notes|overview|required_documents|screening|support_content,121,353,reference_url_2
ontong_youth_20250227005400210567,초등학부모 10시출근제 도입 중소사업장 장려금 지원사업,773,17,application_method|application_period|eligibility|notes|overview|required_documents|support_content,177,432,operating_agency|participation_target|additional_eligibility|income_note|screening_method|notes|reference_url_1|reference_url_2
ontong_youth_20250903005400111594,청년근로자 사랑채움사업,1134,19,application_method|application_period|eligibility|notes|overview|required_documents|support_content,499,721,operating_agency|additional_eligibility|income_note|screening_method|notes|reference_url_2
ontong_youth_20251127005400211943,진주시 중소기업 취업청년 복지지원금 지원사업,1244,22,application_method|application_period|eligibility|notes|overview|required_documents|support_content,331,570,operating_agency|screening_method|notes
ontong_youth_20250321005400210648,우수 인재 유치 및 우수경력자 인건비 지원,1230,20,application_method|application_period|eligibility|notes|overview|required_documents|screening|support_content,259,504,operating_agency|income_note|notes|reference_url_1|reference_url_2
ontong_youth_20250211005400210415,2025년 강원혁신도시 소외상권 활성화 지원(임차료 등) 사업,586,20,application_method|application_period|eligibility|notes|overview|required_documents|screening|support_content,148,409,operating_agency|additional_eligibility|notes|reference_url_1|reference_url_2
ontong_youth_20250331005400210675,청년창업 특례보증,1047,19,application_method|application_period|eligibility|notes|overview|required_documents|screening|support_content,216,449,operating_agency|participation_target|income_note|notes|reference_url_1|reference_url_2
ontong_youth_20250710005400211180,글로벌 이노베이터 페스타 사업 지원,1212,23,application_method|application_period|eligibility|notes|overview|required_documents|screening|support_content,800,1012,additional_eligibility|income_note|notes|reference_url_2
ontong_youth_20250719005400211467,청년농업인 창업 인큐베이팅 지원사업,1650,23,application_method|application_period|eligibility|notes|overview|required_documents|screening|support_content,774,990,additional_eligibility|notes|reference_url_2
ontong_youth_20250724005400111489,청년농업인 영농정착지원사업,1003,18,application_method|application_period|eligibility|notes|overview|required_documents|screening|support_content,512,730,operating_agency|participation_target|additional_eligibility|income_note|notes|reference_url_1|reference_url_2
ontong_youth_20250814005400211517,(원주시) 청년 창업아카데미,1151,20,application_method|application_period|eligibility|notes|overview|required_documents|screening|support_content,200,419,operating_agency|income_note|notes|reference_url_1|reference_url_2
ontong_youth_20250822005400211521,신월지역 청년점포 및 청년기업 육성사업 참여자 추가모집 공고,645,19,application_method|application_period|eligibility|notes|overview|required_documents|support_content,800,1025,operating_agency|participation_target|additional_eligibility|income_note|application_url|screening_method|notes|reference_url_2
ontong_youth_20250903005400211596,우수 청년기업 지원,1803,21,application_method|application_period|eligibility|notes|overview|required_documents|screening|support_content,716,926,additional_eligibility|income_note|notes|reference_url_2
ontong_youth_20250909005400211682,청년농업인(후계농) 영농정착 지원,1041,21,application_method|application_period|eligibility|notes|overview|required_documents|screening|support_content,335,549,operating_agency|income_note|notes|reference_url_2
ontong_youth_20250909005400211683,청년농업인 종합지원(행정도우미 등),1098,21,application_method|application_period|eligibility|notes|overview|required_documents|screening|support_content,248,462,operating_agency|income_note|notes|reference_url_2
ontong_youth_20251121005400211924,"양산시 소상공인 육성자금(일반자금, 청년창업 특별자금) 지원",577,21,application_method|application_period|eligibility|notes|overview|required_documents|screening|support_content,158,405,operating_agency|income_note|application_url|reference_url_2
ontong_youth_20260313005400212118,「2026 경북 청년CEO JUMP-UP 지원」참여기업 모집 공고,1314,22,application_method|application_period|eligibility|notes|overview|required_documents|screening|support_content,283,533,income_note|notes|reference_url_2
ontong_youth_20260313005400212130,「2026 경북 청년CEO 심화육성 지원」 참여기업 모집 공고,1510,22,application_method|application_period|eligibility|notes|overview|required_documents|screening|support_content,303,551,income_note|notes|reference_url_2
ontong_youth_20260325005400212265,2026년도 경북청년예비창업가 육성사업,1069,20,application_method|application_period|eligibility|notes|overview|required_documents|screening|support_content,340,577,participation_target|income_note|application_url|notes|reference_url_2
ontong_youth_20260407005400212564,2026년 G-유니콘 육성프로그램 참여기업 모집,1445,19,application_method|application_period|eligibility|notes|overview|required_documents|support_content,478,703,participation_target|additional_eligibility|income_note|screening_method|reference_url_1|reference_url_2
ontong_youth_20260407005400212567,2026년 MICE 광주 관광기업 성장단계별 맞춤지원 프로그램 참여사 모집,920,18,application_method|application_period|eligibility|notes|overview|required_documents|support_content,367,610,participation_target|additional_eligibility|income_note|screening_method|notes|reference_url_1|reference_url_2
ontong_youth_20260410005400212665,2026년 기술기반 예비창업가 사업화자금지원 모집,985,19,application_method|application_period|eligibility|notes|overview|required_documents|support_content,341,567,participation_target|additional_eligibility|income_note|application_url|screening_method|reference_url_2
ontong_youth_20260413005400212689,2026 시제품 제작 프로그램(예비창업자 지원 과정) 모집,583,18,application_method|application_period|eligibility|notes|overview|required_documents|support_content,125,356,participation_target|additional_eligibility|income_note|screening_method|notes|reference_url_1|reference_url_2
ontong_youth_20260414005400212743,여수시 청년 소상공인 맞춤형 방문 컨설팅 지원사업,974,22,application_method|application_period|eligibility|notes|overview|required_documents|screening|support_content,209,447,operating_agency|participation_target|notes
ontong_youth_20260427005400212880,2026년 시제품 제작 프로그램(양산 연계 지원 과정),754,18,application_method|application_period|eligibility|notes|overview|required_documents|support_content,305,534,participation_target|additional_eligibility|income_note|application_url|screening_method|notes|reference_url_2
ontong_youth_20260427005400212882,로컬 스타트업 히어로즈(Heroes) 지원사업 초기창업기업 모집,1164,20,application_method|application_period|eligibility|notes|overview|required_documents|screening|support_content,291,495,participation_target|additional_eligibility|income_note|application_url|reference_url_2
ontong_youth_20260429005400212914,제12회 광주광역시 공공데이터‧AI 활용 창업경진대회 참가자 모집,1232,20,application_method|application_period|eligibility|notes|overview|required_documents|screening|support_content,441,676,participation_target|additional_eligibility|income_note|application_url|reference_url_2
ontong_youth_20260708005400213251,「공공임대주택 청년창업공간」입주기업 모집,986,19,application_method|application_period|eligibility|notes|overview|required_documents|support_content,238,468,participation_target|additional_eligibility|income_note|application_url|screening_method|reference_url_2
ontong_youth_20260709005400213253,『광주청년창업지원센터』입주스타트업(20기) 모집,920,19,application_method|application_period|eligibility|notes|overview|required_documents|support_content,188,416,participation_target|additional_eligibility|income_note|screening_method|reference_url_1|reference_url_2
ontong_youth_20260722005400213276,「공공임대주택 청년창업공간」입주기업 모집,1001,19,application_method|application_period|eligibility|notes|overview|required_documents|support_content,238,468,participation_target|additional_eligibility|income_note|application_url|screening_method|reference_url_2
ontong_youth_20260810005400113328,산림산업 창업지원_청년 산림창업가 시너지캠프,1219,23,application_method|application_period|eligibility|notes|overview|required_documents|screening|support_content,800,1025,participation_target|additional_eligibility|income_note|notes
ontong_youth_20260812005400213330,「2026년 청년 창업 성장 육성 프로젝트 지원사업」 청년창업자 모집 공고,2029,21,application_method|application_period|eligibility|notes|overview|required_documents|screening|support_content,591,801,participation_target|additional_eligibility|income_note|reference_url_2
ontong_youth_20260818005400213337,2027년 청년농업인 창업 스케일업(성장) 지원사업,765,19,application_method|application_period|eligibility|notes|overview|required_documents|support_content,163,399,participation_target|additional_eligibility|income_note|application_url|screening_method|reference_url_2
ontong_youth_20250102005400210027,청년농업인 영농정착지원,699,21,application_method|application_period|eligibility|notes|overview|required_documents|screening|support_content,131,350,additional_eligibility|notes|reference_url_1|reference_url_2
ontong_youth_20250107005400210058,지역상생 청년일자리 창출 사업,719,20,application_method|application_period|eligibility|notes|overview|required_documents|screening|support_content,149,381,participation_target|additional_eligibility|income_note|application_url|reference_url_2
ontong_youth_20250331005400110677,산림산업 창업지원_청년 산림창업 마중물 지원,1570,23,application_method|application_period|eligibility|notes|overview|required_documents|screening|support_content,800,1015,income_note|notes|reference_url_1|reference_url_2
ontong_youth_20250401005400210679,청년 융합기술 창업지원,686,20,application_method|application_period|eligibility|notes|overview|required_documents|screening|support_content,263,466,operating_agency|additional_eligibility|income_note|reference_url_1|reference_url_2
ontong_youth_20250620005400111082,이공계 대학원생 청년창업 탐색지원,770,20,application_method|application_period|eligibility|notes|overview|required_documents|support_content,800,1017,participation_target|additional_eligibility|income_note|application_url|screening_method|notes|reference_url_2
ontong_youth_20250729005400211499,청년 창업점포(청년식당) 신규 입점 청년 모집,1141,22,application_method|application_period|eligibility|notes|overview|required_documents|screening|support_content,204,419,income_note|reference_url_1|reference_url_2
ontong_youth_20250917005400211702,청년친화도시 부산진구 트라이얼스토어 운영 기업 모집,1379,22,application_method|application_period|eligibility|notes|overview|required_documents|screening|support_content,800,1026,operating_agency|participation_target|income_note|notes|reference_url_2
ontong_youth_20251023005400211803,우리지역 스타기업 만들기 사업,1054,19,application_method|application_period|eligibility|notes|overview|required_documents|screening|support_content,240,472,operating_agency|participation_target|income_note|application_url|notes|reference_url_2
ontong_youth_20260619005400213242,2026년 경북 청년창업 지역정착 지원사업 신규참여자 2차 추가모집 공고,467,23,application_method|application_period|eligibility|notes|overview|required_documents|screening|support_content,800,1059,participation_target|additional_eligibility|income_note|notes
ontong_youth_20250119005400210332,청년농업인 스타트업(초기창업) 지원사업,613,19,application_method|application_period|eligibility|notes|overview|required_documents|screening|support_content,131,350,additional_eligibility|income_note|application_url|reference_url_1|reference_url_2|source_url
ontong_youth_20250119005400210333,청년농업인 창업 스케일업(성장) 지원사업,638,19,application_method|application_period|eligibility|notes|overview|required_documents|screening|support_content,136,358,additional_eligibility|income_note|application_url|reference_url_1|reference_url_2|source_url
ontong_youth_20250527005400210879,청년 소상공인 골목경제 활성화 지원사업,954,18,application_method|application_period|eligibility|notes|overview|required_documents|screening|support_content,222,439,operating_agency|participation_target|income_note|application_url|reference_url_1|reference_url_2|source_url
ontong_youth_20250724005400211490,청년농업인 맞춤 지원,661,16,application_method|application_period|eligibility|overview|required_documents|screening|support_content,197,413,operating_agency|participation_target|additional_eligibility|income_note|application_url|notes|reference_url_1|reference_url_2|source_url
ontong_youth_20250901005400211541,2025년도 경북청년예비창업가 육성사업,930,17,application_method|application_period|eligibility|overview|required_documents|screening|support_content,348,576,participation_target|additional_eligibility|income_note|application_url|notes|reference_url_1|reference_url_2|source_url
ontong_youth_20250107005400110063,2025년 국가유산 산업 인턴 지원 사업,1546,24,application_method|application_period|eligibility|notes|overview|required_documents|screening|support_content,800,1023,income_note|reference_url_1|reference_url_2
ontong_youth_20250109005400210114,청년 자격시험 응시료 지원,1149,18,application_method|application_period|eligibility|notes|overview|required_documents|support_content,299,521,operating_agency|participation_target|additional_eligibility|income_note|screening_method|reference_url_1|reference_url_2
ontong_youth_20250114005400210229,스마트 모빌리티 창업캠프사업,596,22,application_method|application_period|eligibility|notes|overview|required_documents|screening|support_content,800,1012,operating_agency|participation_target|income_note|notes|reference_url_2
ontong_youth_20250220005400210475,대구광역시 청년 국가기술자격시험 응시료 지원,1492,19,application_method|application_period|eligibility|notes|overview|required_documents|screening|support_content,624,848,operating_agency|participation_target|income_note|notes|reference_url_1|reference_url_2
ontong_youth_20250227005400210568,마을청년활동가 운영,1339,18,application_method|application_period|eligibility|notes|overview|required_documents|screening|support_content,368,597,operating_agency|participation_target|additional_eligibility|income_note|notes|reference_url_1|reference_url_2
ontong_youth_20250307005400210600,부천 청년 사진 Dream(드림),1190,20,application_method|application_period|eligibility|notes|overview|required_documents|support_content,294,506,participation_target|additional_eligibility|income_note|screening_method|reference_url_2
ontong_youth_20250314005400210611,2025 상반기 김해시 청년 자격증 응시료 지원사업(G-PASS CARD),2106,19,application_method|application_period|eligibility|notes|overview|required_documents|screening|support_content,753,964,operating_agency|participation_target|additional_eligibility|income_note|reference_url_1|reference_url_2
ontong_youth_20250321005400110645,해양경찰청 청년인턴 채용,1096,23,application_method|application_period|eligibility|notes|overview|required_documents|screening|support_content,800,1006,income_note|application_url|notes|reference_url_2
ontong_youth_20250411005400210702,(2차)2025 광주 청년구직활동수당 지원사업,2308,21,application_method|application_period|eligibility|notes|overview|required_documents|screening|support_content,762,1005,operating_agency|income_note|notes|reference_url_2
ontong_youth_20250416005400210710,2025년 달서청년 자격증 응시료 지원사업,1550,21,application_method|application_period|eligibility|notes|overview|required_documents|screening|support_content,405,628,operating_agency|additional_eligibility|income_note|reference_url_2
ontong_youth_20250509005400210801,청년 자격증 응시료 지원사업,1252,20,application_method|application_period|eligibility|notes|overview|required_documents|screening|support_content,277,494,operating_agency|income_note|notes|reference_url_1|reference_url_2
ontong_youth_20250509005400210803,공공기관 맞춤형 취업지원사업,636,21,application_method|application_period|eligibility|notes|overview|required_documents|screening|support_content,172,384,participation_target|income_note|application_url|notes
ontong_youth_20250518005400110849,맞춤형화장품조제관리사 자격 역량강화,655,22,application_method|application_period|eligibility|notes|overview|required_documents|screening|support_content,800,1015,additional_eligibility|income_note|notes|reference_url_1|reference_url_2
ontong_youth_20250529005400110881,산림산업 창업지원_청년 산림인 성장지원,808,22,application_method|application_period|eligibility|notes|overview|required_documents|screening|support_content,800,1014,participation_target|additional_eligibility|income_note|notes|reference_url_2
ontong_youth_20250612005400110914,고교 취업연계 장려금,1083,25,application_method|application_period|eligibility|notes|overview|required_documents|screening|support_content,800,1004,income_note|notes
ontong_youth_20250618005400211047,강원형 미래인력양성,804,21,application_method|application_period|eligibility|notes|overview|required_documents|screening|support_content,185,394,income_note|notes|reference_url_1|reference_url_2
ontong_youth_20250717005400211369,찾아가는 청년교육 프로그램 운영,1219,19,application_method|application_period|eligibility|notes|overview|required_documents|screening|support_content,427,611,operating_agency|participation_target|additional_eligibility|income_note|reference_url_1|reference_url_2
ontong_youth_20250901005400211548,2025년 지역인재채용 인센티브 지원사,945,18,application_method|application_period|eligibility|notes|overview|required_documents|screening|support_content,238,466,operating_agency|participation_target|additional_eligibility|income_note|notes|reference_url_1|reference_url_2
ontong_youth_20250901005400211553,꿈이음 청춘카페 지원사업,798,19,application_method|application_period|eligibility|notes|overview|required_documents|screening|support_content,351,567,operating_agency|participation_target|additional_eligibility|income_note|notes|reference_url_2
ontong_youth_20250908005400211661,지역공동체일자리사업,855,20,application_method|application_period|eligibility|notes|overview|required_documents|screening|support_content,286,505,operating_agency|additional_eligibility|application_url|notes|reference_url_2
ontong_youth_20250909005400211679,공학교육혁신센터 지원,785,23,application_method|application_period|eligibility|notes|overview|required_documents|screening|support_content,800,1013,participation_target|income_note|reference_url_2
ontong_youth_20250909005400211680,지역혁신중심 대학지원체계(RISE),817,22,application_method|application_period|eligibility|notes|overview|required_documents|screening|support_content,227,450,participation_target|income_note|reference_url_2
ontong_youth_20250909005400211684,구미 취업준비프리패스(취준PASS),2340,22,application_method|application_period|eligibility|notes|overview|required_documents|screening|support_content,796,1032,operating_agency|participation_target|additional_eligibility|reference_url_2
ontong_youth_20250924005400211793,거제시 청년 스펙-UP 지원사업(자격증 응시료 지원),1067,21,application_method|application_period|eligibility|notes|overview|required_documents|screening|support_content,244,470,additional_eligibility|income_note|notes|reference_url_2
ontong_youth_20251117005400211904,양산시 청년 자격증 응시료 지원,1440,21,application_method|application_period|eligibility|notes|overview|required_documents|screening|support_content,416,642,income_note|application_url|notes|reference_url_2
ontong_youth_20251120005400211907,사회적경제기업 혁신일자리지원 사업,985,20,application_method|application_period|eligibility|notes|overview|required_documents|screening|support_content,192,418,additional_eligibility|income_note|application_url|notes|reference_url_2
ontong_youth_20251127005400211942,진주시 대학생 행정인턴사업,1597,21,application_method|application_period|eligibility|notes|overview|required_documents|screening|support_content,537,767,operating_agency|income_note|notes|reference_url_2
ontong_youth_20251222005400212040,충청북도 현장형 청년인턴,2295,20,application_method|application_period|eligibility|notes|overview|required_documents|screening|support_content,790,976,operating_agency|participation_target|additional_eligibility|income_note|reference_url_2
ontong_youth_20260107005400212077,청년 행정체험연수 운영,1072,20,application_method|application_period|eligibility|notes|overview|required_documents|screening|support_content,383,604,operating_agency|additional_eligibility|income_note|application_url|notes
ontong_youth_20260311005400112111,고교 취업연계 장려금 지원,1247,25,application_method|application_period|eligibility|notes|overview|required_documents|screening|support_content,800,1012,income_note|notes
ontong_youth_20260316005400112168,2026년 국가유산 산업 인턴십 지원 사업,1873,24,application_method|application_period|eligibility|notes|overview|required_documents|screening|support_content,800,1016,income_note|notes|reference_url_2
ontong_youth_20260317005400112169,2026년 매장유산 미정리유물 보존 및 활용사업,1395,22,application_method|application_period|eligibility|notes|overview|required_documents|screening|support_content,800,1040,operating_agency|participation_target|income_note|notes|reference_url_2
ontong_youth_20260325005400212268,2026년 지역인재채용 인센티브지원사업,869,19,application_method|application_period|eligibility|notes|overview|required_documents|screening|support_content,286,523,operating_agency|participation_target|additional_eligibility|income_note|application_url|notes
ontong_youth_20260325005400212270,2026년 청송군 청년 자격증 응시료 지원사업,1398,22,application_method|application_period|eligibility|notes|overview|required_documents|screening|support_content,633,869,operating_agency|income_note|reference_url_2
ontong_youth_20260326005400212286,2026년 평택시 청년 면접정장 무료대여 서비스,692,21,application_method|application_period|eligibility|notes|overview|required_documents|screening|support_content,256,493,operating_agency|additional_eligibility|income_note|notes
ontong_youth_20260407005400212562,2026 기획창작스튜디오 프리비즈 콘텐츠 제작지원,1257,19,application_method|application_period|eligibility|notes|overview|required_documents|support_content,446,672,participation_target|additional_eligibility|income_note|application_url|screening_method|reference_url_2
ontong_youth_20260408005400212602,[고용노동부]2026년 청년일자리도약장려금,777,19,application_method|application_period|eligibility|notes|overview|required_documents|support_content,233,455,participation_target|additional_eligibility|income_note|application_url|screening_method|reference_url_2
ontong_youth_20260410005400212664,2026년 임신부 가사지원서비스 지원사업 시행,818,19,application_method|application_period|eligibility|notes|overview|required_documents|support_content,177,392,participation_target|additional_eligibility|income_note|screening_method|reference_url_1|reference_url_2
ontong_youth_20260424005400212873,진주시 중소기업 청년채용 지원사업,826,22,application_method|application_period|eligibility|notes|overview|required_documents|screening|support_content,184,420,operating_agency|participation_target|notes
ontong_youth_20260504005400113105,주력산업 일자리 지원사업,685,22,application_method|application_period|eligibility|notes|overview|required_documents|screening|support_content,304,516,application_url|notes|reference_url_2
ontong_youth_20260513005400213183,2026년 청년농업인(청년창업형 후계농업경영인) 영농정착지원사업(2차),756,20,application_method|application_period|eligibility|notes|overview|required_documents|screening|support_content,213,451,participation_target|additional_eligibility|income_note|reference_url_1|reference_url_2
ontong_youth_20260522005400213211,2026 광주광역시 전략사업별 지역생태계 활성화 사업 「내일을 만드는 청년 직무형 일경험 사업」,708,20,application_method|application_period|eligibility|notes|overview|required_documents|screening|support_content,138,390,participation_target|additional_eligibility|income_note|reference_url_1|reference_url_2
ontong_youth_20260616005400213235,사회연대경제 청년 일경험사업 시범사업,1136,19,application_method|application_period|eligibility|notes|overview|required_documents|support_content,410,629,participation_target|additional_eligibility|income_note|application_url|screening_method|reference_url_2
ontong_youth_20260703005400213249,「광주청년 일경험드림 사업」 제20기 드림청년(참여청년) 모집,938,20,application_method|application_period|eligibility|notes|overview|required_documents|screening|support_content,197,430,participation_target|additional_eligibility|income_note|reference_url_1|reference_url_2
ontong_youth_20260729005400213313,전남광주 기후에너지 JOB 스쿨 참가자 모집,810,20,application_method|application_period|eligibility|notes|overview|required_documents|screening|support_content,252,475,participation_target|additional_eligibility|income_note|notes|reference_url_2
ontong_youth_20260810005400213326,사회연대경제 청년 일경험사업 시범사업(3차),1050,19,application_method|application_period|eligibility|notes|overview|required_documents|support_content,407,630,participation_target|additional_eligibility|income_note|screening_method|reference_url_1|reference_url_2
ontong_youth_20240520005400200013,횡성군 청년면접수당 지급,1060,21,application_method|application_period|eligibility|notes|overview|required_documents|screening|support_content,335,556,additional_eligibility|income_note|application_url|reference_url_2
ontong_youth_20250110005400110150,병 자기개발비용 지원,713,22,application_method|application_period|eligibility|notes|overview|required_documents|screening|support_content,800,1004,participation_target|income_note|notes|reference_url_1|reference_url_2
ontong_youth_20250113005400210176,연제구 청년 자격증 등 시험 응시료 지원사업,861,20,application_method|application_period|eligibility|notes|overview|required_documents|screening|support_content,277,505,operating_agency|participation_target|income_note|reference_url_1|reference_url_2
ontong_youth_20250114005400110219,청년해기인력 공급기반 강화,889,25,application_method|application_period|eligibility|notes|overview|required_documents|screening|support_content,800,1009,income_note|reference_url_2
ontong_youth_20250114005400110232,국제옵서버 인력 확대,960,26,application_method|application_period|eligibility|notes|overview|required_documents|screening|support_content,800,1006,income_note
ontong_youth_20250328005400210670,서귀포시 취업준비 청년 자격증 등 응시료 지원사업,540,19,application_method|application_period|eligibility|notes|overview|required_documents|screening|support_content,77,306,operating_agency|participation_target|income_note|notes|reference_url_1|reference_url_2
ontong_youth_20250328005400210671,서귀포시 대학생·청년 아르바이트 사업,714,20,application_method|application_period|eligibility|notes|overview|required_documents|screening|support_content,89,318,operating_agency|income_note|notes|reference_url_1|reference_url_2
ontong_youth_20250423005400210717,청년 면접정장 무료대여 '꿈이룸옷장',957,20,application_method|application_period|eligibility|notes|overview|required_documents|support_content,400,620,participation_target|additional_eligibility|income_note|screening_method|notes
ontong_youth_20250516005400210832,경북 청년애꿈 수당,3070,25,application_method|application_period|eligibility|notes|overview|required_documents|screening|support_content,661,881,operating_agency|reference_url_2
ontong_youth_20250612005400110918,현장실습 지원금,1203,25,application_method|application_period|eligibility|notes|overview|required_documents|screening|support_content,800,1001,additional_eligibility|income_note
ontong_youth_20250619005400211076,2025년 1차 경기도 청년면접수당 모집,544,19,application_method|application_period|eligibility|notes|overview|required_documents|screening|support_content,263,477,operating_agency|participation_target|additional_eligibility|income_note|notes|reference_url_2
ontong_youth_20250621005400111097,청년창업농장학금지원,430,20,application_method|application_period|eligibility|notes|overview|required_documents|screening|support_content,800,1012,operating_agency|participation_target|additional_eligibility|income_note|notes|reference_url_1|reference_url_2
ontong_youth_20250806005400211515,청년 일자리사업 참여청년 모집,1217,21,application_method|application_period|eligibility|notes|overview|required_documents|screening|support_content,372,596,operating_agency|income_note|reference_url_1|reference_url_2
ontong_youth_20260310005400112101,지방청년인재 재외공관 파견,648,24,application_method|application_period|eligibility|notes|overview|required_documents|screening|support_content,800,1005,participation_target|income_note|reference_url_2
ontong_youth_20260406005400212461,(미추홀구) 청년 면접수당 지원사업 [예산소진 시 조기마감],1347,21,application_method|application_period|eligibility|notes|overview|required_documents|support_content,575,831,income_note|screening_method|reference_url_1|reference_url_2
ontong_youth_20260408005400212590,지역정주지원금 지원(빛고을직업교육혁신지구 고도화),1236,19,application_method|application_period|eligibility|notes|overview|required_documents|support_content,506,702,participation_target|additional_eligibility|income_note|application_url|screening_method|reference_url_2
ontong_youth_20260408005400212646,여수형 청년 맞춤형 인턴 사업,424,19,application_method|application_period|eligibility|notes|overview|required_documents|screening|support_content,72,295,operating_agency|participation_target|additional_eligibility|application_url|notes|reference_url_2
ontong_youth_20260420005400212772,(4차) 2026 광주청년 구직활동수당 및 활동지원사업,3062,24,application_method|application_period|eligibility|notes|overview|required_documents|screening|support_content,786,1024,participation_target|additional_eligibility|income_note|reference_url_2
ontong_youth_20260428005400212889,2026년 출향(전입)청년 채용 전주기업 취업지원,1888,21,application_method|application_period|eligibility|notes|overview|required_documents|support_content,788,1023,operating_agency|additional_eligibility|income_note|application_url|screening_method
ontong_youth_20260428005400212892,2026 전주기업반 취업지원 사업,1653,21,application_method|application_period|eligibility|notes|overview|required_documents|screening|support_content,507,737,operating_agency|income_note|application_url|notes
ontong_youth_20260430005400212981,청년구직자 면접비 지원사업,593,21,application_method|application_period|eligibility|notes|overview|required_documents|screening|support_content,94,292,income_note|application_url|notes|reference_url_2
ontong_youth_20260430005400213008,아산시 지역우수인재 고용촉진사업,456,21,application_method|application_period|eligibility|notes|overview|required_documents|screening|support_content,94,298,income_note|application_url|notes|reference_url_2
ontong_youth_20260504005400113111,광역이음(충청권 연계) 일자리사업,486,21,application_method|application_period|eligibility|notes|overview|required_documents|screening|support_content,94,301,income_note|application_url|notes|reference_url_2
ontong_youth_20260504005400213018,청년 버스 운전자 양성 프로그램,683,22,application_method|application_period|eligibility|notes|overview|required_documents|screening|support_content,134,338,income_note|notes|reference_url_2
ontong_youth_20260513005400213203,부산 청년두드림센터 운영,763,19,application_method|application_period|eligibility|notes|overview|required_documents|support_content,358,593,participation_target|additional_eligibility|income_note|screening_method|notes|reference_url_2
ontong_youth_20260818005400213336,2026년 고흥군 청년 귀어가 정착어장,735,19,application_method|application_period|eligibility|notes|overview|required_documents|support_content,161,351,participation_target|additional_eligibility|income_note|application_url|screening_method|reference_url_2
ontong_youth_20250108005400210071,부산진구 청년 행정인턴,755,17,application_method|application_period|eligibility|overview|required_documents|screening|support_content,206,436,participation_target|additional_eligibility|income_note|application_url|notes|reference_url_1|reference_url_2|source_url
ontong_youth_20250116005400210314,2025년 부산 동구 청년 자격증 시험 응시료 지원 사업,1139,18,application_method|application_period|eligibility|notes|overview|screening|support_content,453,680,operating_agency|additional_eligibility|income_note|required_documents|notes|reference_url_1|reference_url_2
ontong_youth_20250123005400110397,국가인적자원개발 컨소시엄,829,24,application_method|application_period|eligibility|notes|overview|screening|support_content,800,1008,income_note|required_documents|notes
ontong_youth_20250218005400210446,청년창업농 인큐베이터 농장 운영,1267,18,application_method|application_period|eligibility|overview|required_documents|screening|support_content,251,485,operating_agency|income_note|application_url|notes|reference_url_1|reference_url_2|source_url
ontong_youth_20250218005400210447,광주 인공지능사관학교 운영,679,18,application_method|application_period|eligibility|overview|required_documents|screening|support_content,800,1032,operating_agency|participation_target|additional_eligibility|income_note|application_url|notes|reference_url_1|reference_url_2|source_url
ontong_youth_20250617005400110958,가상융합기술 아카데미(메타버스 아카데미),685,22,application_method|application_period|eligibility|notes|overview|screening|support_content,800,1021,participation_target|additional_eligibility|income_note|required_documents|notes
ontong_youth_20250702005400211143,광주청년 일경험드림 제18기,1106,19,application_method|application_period|eligibility|notes|overview|screening|support_content,300,528,operating_agency|income_note|required_documents|notes|reference_url_1|reference_url_2
ontong_youth_20250710005400211161,2025년 군산시 청년기업 인증사업,589,17,application_method|application_period|eligibility|overview|required_documents|screening|support_content,189,407,operating_agency|participation_target|additional_eligibility|application_url|notes|reference_url_1|reference_url_2|source_url
ontong_youth_20250719005400211466,2025년 청년도전지원사업(원주시),1133,20,application_method|application_period|eligibility|notes|overview|screening|support_content,270,510,operating_agency|income_note|required_documents|reference_url_1|reference_url_2
ontong_youth_20260107005400212072,2026년 청년도전지원사업(원주시),979,21,application_method|application_period|eligibility|notes|overview|screening|support_content,244,484,income_note|required_documents|notes|reference_url_2
ontong_youth_20260406005400212459,청년도전지원사업,1068,20,application_method|application_period|eligibility|notes|overview|support_content,328,544,income_note|application_url|screening_method|required_documents|reference_url_2
ontong_youth_20260407005400212565,진로설계 패키지(라이프·커리어) 참여자 모집,850,17,application_method|application_period|eligibility|notes|overview|support_content,294,508,participation_target|additional_eligibility|income_note|application_url|screening_method|required_documents|notes|reference_url_2
ontong_youth_20260413005400212716,서귀포시 대학생·청년 아르바이트,550,17,application_method|application_period|eligibility|notes|overview|support_content,130,361,operating_agency|participation_target|additional_eligibility|income_note|screening_method|required_documents|reference_url_1|reference_url_2
ontong_youth_20260413005400212724,청년도전지원사업,1265,17,application_method|application_period|eligibility|notes|overview|support_content,334,565,operating_agency|participation_target|additional_eligibility|income_note|screening_method|required_documents|reference_url_1|reference_url_2
ontong_youth_20260416005400212753,제주 콘텐츠 청년일자리 빌드업 지원,838,18,application_method|application_period|eligibility|notes|overview|support_content,200,432,operating_agency|participation_target|additional_eligibility|income_note|screening_method|required_documents|reference_url_2
ontong_youth_20260421005400212775,지역산업 맞춤형 일자리 창출 지원사업,1001,17,application_method|application_period|eligibility|notes|overview|support_content,419,653,operating_agency|participation_target|additional_eligibility|income_note|screening_method|required_documents|reference_url_1|reference_url_2
ontong_youth_20260422005400212843,소규모 농가 경영안정 지원사업,765,18,application_method|application_period|eligibility|notes|overview|support_content,238,422,operating_agency|participation_target|additional_eligibility|income_note|screening_method|required_documents|reference_url_2
ontong_youth_20260422005400212865,서귀포시 대학생·청년 아르바이트,559,17,application_method|application_period|eligibility|notes|overview|support_content,130,361,operating_agency|participation_target|additional_eligibility|income_note|screening_method|required_documents|reference_url_1|reference_url_2
ontong_youth_20260622005400213244,2026년 여름 청년 행정체험사업,1190,20,application_method|application_period|eligibility|notes|overview|screening|support_content,294,526,operating_agency|income_note|required_documents|notes|reference_url_2
ontong_youth_20260625005400113245,사회연대경제 청년일경험,1357,22,application_method|application_period|eligibility|notes|overview|support_content,800,1005,operating_agency|income_note|screening_method|required_documents|reference_url_2
ontong_youth_20250121005400110344,2025년 전국민마음투자지원사업,1329,25,application_method|application_period|eligibility|notes|overview|required_documents|screening|support_content,800,1022,operating_agency|income_note
ontong_youth_20250904005400211641,청춘 건강상담소 사업 운영(모바일헬스케어),783,20,application_method|application_period|eligibility|notes|overview|required_documents|screening|support_content,304,529,operating_agency|additional_eligibility|income_note|notes|reference_url_2
ontong_youth_20260415005400112751,(복지부) 26년 정신건강 심리상담 바우처사업,2988,25,application_method|application_period|eligibility|notes|overview|required_documents|screening|support_content,800,1025,operating_agency|income_note|notes
ontong_youth_20260728005400213310,2026년 하반기 임신부 가사지원서비스 지원사업,766,19,application_method|application_period|eligibility|notes|overview|required_documents|support_content,176,403,participation_target|additional_eligibility|income_note|screening_method|reference_url_1|reference_url_2
ontong_youth_20251231005400212065,지역사회서비스분야 청년사업단 지원,400,18,application_method|application_period|eligibility|notes|overview|required_documents|screening|support_content,263,475,operating_agency|participation_target|additional_eligibility|income_note|application_url|notes|reference_url_2
ontong_youth_20260327005400212306,임산부 280 건강관리비 지원사업,1089,21,application_method|application_period|eligibility|notes|overview|required_documents|screening|support_content,240,473,income_note|application_url|notes|reference_url_2
ontong_youth_20250618005400111016,청년 중심 마약류 중독예방 지원 확대,956,21,application_method|application_period|eligibility|notes|overview|screening|support_content,800,1019,participation_target|additional_eligibility|income_note|required_documents|notes|reference_url_2
ontong_youth_20260408005400212619,임산부 직장생활 패키지 용품 지원 사업,741,19,application_method|application_period|eligibility|notes|overview|screening|support_content,170,392,participation_target|additional_eligibility|income_note|application_url|required_documents|reference_url_2
ontong_youth_20260807005400213325,2026 제4회 멘토러닝톡,531,19,application_method|application_period|eligibility|notes|overview|screening|support_content,137,352,participation_target|additional_eligibility|income_note|required_documents|reference_url_1|reference_url_2
ontong_youth_20250327005400210656,청년 우울증 치료비 지원,1112,18,application_method|application_period|eligibility|notes|overview|required_documents|support_content,359,581,operating_agency|participation_target|income_note|screening_method|notes|reference_url_1|reference_url_2
ontong_youth_20250618005400211059,청년층 정신건강 서비스 강화,410,17,application_method|application_period|eligibility|notes|overview|required_documents|support_content,107,324,operating_agency|participation_target|additional_eligibility|income_note|screening_method|notes|reference_url_1|reference_url_2
ontong_youth_20250403005400210687,전국민 마음투자 지원사업,2111,25,application_method|application_period|eligibility|notes|overview|required_documents|screening|support_content,800,1018,income_note|application_period
ontong_youth_20250623005400111118,청년중독관리사업,836,17,application_method|application_period|eligibility|notes|overview|required_documents|screening|support_content,423,633,operating_agency|participation_target|additional_eligibility|income_note|application_period|application_url|notes|reference_url_2
ontong_youth_20250227005400210572,서울청년문화패스,1681,21,application_method|application_period|eligibility|notes|overview|required_documents|screening|support_content,445,662,operating_agency|participation_target|reference_url_1|reference_url_2
ontong_youth_20250316005400210640,서울청년문화패스 지원,1953,22,application_method|application_period|eligibility|notes|overview|required_documents|screening|support_content,454,634,operating_agency|participation_target|reference_url_2
ontong_youth_20250904005400211645,청년문화생태계 리빙랩,769,20,application_method|application_period|eligibility|notes|overview|required_documents|screening|support_content,189,406,participation_target|additional_eligibility|income_note|notes|reference_url_2
ontong_youth_20251127005400211947,진주시 미혼남녀 인연만들기 행사,919,21,application_method|application_period|eligibility|notes|overview|required_documents|screening|support_content,191,423,operating_agency|income_note|notes|reference_url_2
ontong_youth_20260325005400212267,2026년 청송군 청년 소모임 지원사업,989,18,application_method|application_period|eligibility|notes|overview|required_documents|screening|support_content,315,550,operating_agency|participation_target|additional_eligibility|income_note|application_url|notes|reference_url_2
ontong_youth_20260407005400212554,예술인이 만드는 마데인(Made in) 광산 문화예술단체육성 지원,1343,19,application_method|application_period|eligibility|notes|overview|required_documents|support_content,362,599,participation_target|additional_eligibility|income_note|application_url|screening_method|reference_url_2
ontong_youth_20260407005400212555,2026 광주콘텐츠코리아랩 콘텐츠 창‧제작 지원사업 「주니어 크리에이터」 모집,803,19,application_method|application_period|eligibility|notes|overview|required_documents|support_content,221,467,participation_target|additional_eligibility|income_note|screening_method|reference_url_1|reference_url_2
ontong_youth_20260407005400212563,2026 광주콘텐츠코리아랩 콘텐츠 창‧제작 지원사업 「부스터 크리에이터(2단계·3단계)」 모집,921,19,application_method|application_period|eligibility|notes|overview|required_documents|support_content,437,692,participation_target|additional_eligibility|income_note|screening_method|notes|reference_url_2
ontong_youth_20250819005400211519,2025. 「은평 청년 버스킹 페스타」 청년판정단 모집,659,19,application_method|application_period|eligibility|notes|overview|required_documents|support_content,153,350,operating_agency|participation_target|income_note|screening_method|reference_url_1|reference_url_2
ontong_youth_20260408005400212605,2026년 행복한 동행! 우리두리 작은결혼식 시즌8 : 우리들의 행복한 시작,535,19,application_method|application_period|eligibility|notes|overview|required_documents|screening|support_content,100,345,participation_target|additional_eligibility|income_note|application_url|notes|reference_url_2
ontong_youth_20260504005400213036,청년의 날 행사,417,21,application_method|application_period|eligibility|notes|overview|required_documents|screening|support_content,94,291,income_note|application_url|notes|reference_url_2
ontong_youth_20260513005400213181,2026 전입청년 교통비 지원,1021,21,application_method|application_period|eligibility|notes|overview|required_documents|screening|support_content,209,439,operating_agency|income_note|notes|reference_url_2
ontong_youth_20260728005400213311,전남광주 청년 문화복지카드,535,20,application_method|application_period|eligibility|notes|overview|required_documents|support_content,131,346,participation_target|additional_eligibility|income_note|screening_method|notes
ontong_youth_20250114005400210255,순천형 청년공동체 활성화 사업,1019,17,application_method|application_period|eligibility|notes|overview|required_documents|screening|support_content,338,561,operating_agency|participation_target|additional_eligibility|income_note|application_url|reference_url_1|reference_url_2|source_url
ontong_youth_20250218005400210456,청년문화예술패스,857,21,application_method|application_period|eligibility|notes|overview|screening|support_content,215,424,participation_target|additional_eligibility|income_note|required_documents
ontong_youth_20250228005400110573,청년문화예술패스,909,21,application_method|application_period|eligibility|notes|overview|support_content,800,1007,participation_target|additional_eligibility|income_note|screening_method|required_documents|reference_url_2
ontong_youth_20250708005400211156,2025년 청년문화예술패스 2차 발급,859,20,application_method|application_period|eligibility|notes|overview|screening|support_content,219,440,additional_eligibility|income_note|required_documents|notes|reference_url_2
ontong_youth_20250901005400211554,2025년 청송군 청년 소모임 지원사업,924,16,application_method|application_period|eligibility|overview|required_documents|screening|support_content,319,545,operating_agency|participation_target|additional_eligibility|income_note|application_url|notes|reference_url_1|reference_url_2|source_url
ontong_youth_20260305005400112100,청년문화예술패스,764,22,application_method|application_period|eligibility|notes|overview|support_content,800,1007,operating_agency|income_note|screening_method|required_documents|reference_url_2
ontong_youth_20260326005400212296,청년문화프로그램 운영,662,19,application_method|application_period|eligibility|notes|overview|screening|support_content,269,486,participation_target|additional_eligibility|income_note|application_url|required_documents|reference_url_2
ontong_youth_20260408005400212644,청년 도서구입비 지원,543,18,application_method|application_period|eligibility|notes|overview|screening|support_content,136,363,operating_agency|participation_target|additional_eligibility|income_note|required_documents|notes|reference_url_2
ontong_youth_20260421005400212803,청년문화예술패스 사업,652,17,application_method|application_period|eligibility|notes|overview|support_content,252,466,operating_agency|participation_target|additional_eligibility|income_note|screening_method|required_documents|reference_url_1|reference_url_2
ontong_youth_20260422005400212837,탐라청년출발패키지 사업 (청년 전입 축하장려금),1187,19,application_method|application_period|eligibility|notes|overview|support_content,366,593,operating_agency|participation_target|additional_eligibility|income_note|screening_method|required_documents
ontong_youth_20250516005400210831,전남청년 문화복지카드,2202,21,application_method|application_period|eligibility|notes|overview|required_documents|screening|support_content,783,967,operating_agency|income_note|application_url|reference_url_2
ontong_youth_20250119005400210339,청년 예술가 및 청년 창작자 지원,641,20,application_method|application_period|eligibility|notes|overview|required_documents|screening|support_content,131,351,participation_target|income_note|notes|reference_url_1|reference_url_2
ontong_youth_20250711005400211195,청년예술센터 운영,1212,19,application_method|application_period|eligibility|notes|overview|required_documents|screening|support_content,333,563,operating_agency|participation_target|income_note|notes|reference_url_1|reference_url_2
ontong_youth_20250723005400211484,영화영상활성화 지원사업(전북단편영화 제작스쿨 운영 지원),401,18,application_method|application_period|eligibility|notes|overview|required_documents|screening|support_content,89,321,operating_agency|participation_target|additional_eligibility|income_note|notes|reference_url_1|reference_url_2
ontong_youth_20250723005400211485,영화영상활성화 지원사업(주민시네마스쿨 운영),378,18,application_method|application_period|eligibility|notes|overview|required_documents|screening|support_content,89,314,operating_agency|participation_target|additional_eligibility|income_note|notes|reference_url_1|reference_url_2
ontong_youth_20250724005400211492,차세대 문화예술기획자 양성과정(2025년),783,21,application_method|application_period|eligibility|notes|overview|required_documents|screening|support_content,186,419,income_note|application_url|notes|reference_url_2
ontong_youth_20250728005400211495,문화예술교육사 현장역량강화사업,977,22,application_method|application_period|eligibility|notes|overview|required_documents|screening|support_content,193,418,income_note|notes|reference_url_2
ontong_youth_20250731005400211507,지역문화예술육성지원사업,794,22,application_method|application_period|eligibility|notes|overview|required_documents|screening|support_content,106,329,income_note|notes|reference_url_2
ontong_youth_20250731005400211508,청년문화예술주문배달서비스사업(청년예술 퀵),1590,23,application_method|application_period|eligibility|notes|overview|required_documents|screening|support_content,462,703,income_note|reference_url_2
ontong_youth_20250109005400210105,영세창업농 초기영농비 지원사업,1040,20,application_method|application_period|eligibility|notes|overview|required_documents|screening|support_content,311,550,participation_target|additional_eligibility|notes|reference_url_1|reference_url_2
ontong_youth_20250109005400210106,영농승계 청년농업인 육성 지원사업,1204,20,application_method|application_period|eligibility|notes|overview|required_documents|screening|support_content,515,747,participation_target|income_note|notes|reference_url_1|reference_url_2
ontong_youth_20250109005400210107,청년농업인 맞춤형 창업 성공모델 지원사업,1052,20,application_method|application_period|eligibility|notes|overview|required_documents|screening|support_content,317,557,additional_eligibility|income_note|notes|reference_url_1|reference_url_2
ontong_youth_20250220005400210476,인구감소지역 결혼지원금,1411,21,application_method|application_period|eligibility|notes|overview|required_documents|screening|support_content,241,467,operating_agency|income_note|application_url|reference_url_2
ontong_youth_20250220005400210477,작은 결혼식 지원,1562,20,application_method|application_period|eligibility|notes|overview|required_documents|screening|support_content,283,506,operating_agency|participation_target|income_note|reference_url_1|reference_url_2
ontong_youth_20250305005400110593,서울시 청년수당,3617,23,application_method|application_period|eligibility|notes|overview|required_documents|screening|support_content,743,967,operating_agency|reference_url_2
ontong_youth_20250424005400210718,경계선 지능 청년 일 역량강화 및 일경험 지원,1227,21,application_method|application_period|eligibility|notes|overview|required_documents|screening|support_content,313,570,operating_agency|participation_target|income_note|reference_url_2
ontong_youth_20250514005400110812,청년내일저축계좌,2202,25,application_method|application_period|eligibility|notes|overview|required_documents|screening|support_content,800,1013,operating_agency|participation_target|reference_url_2
ontong_youth_20250903005400211611,관외 대학교 통학생 교통비 지원사업,976,20,application_method|application_period|eligibility|notes|overview|required_documents|screening|support_content,337,573,participation_target|additional_eligibility|income_note|notes|reference_url_2
ontong_youth_20250904005400211630,청년미래적금 운영,1017,22,application_method|application_period|eligibility|notes|overview|required_documents|screening|support_content,373,588,additional_eligibility|notes|reference_url_2
ontong_youth_20250904005400211632,청년도전지원사업 『도전캠퍼스』,1430,22,application_method|application_period|eligibility|notes|overview|required_documents|screening|support_content,522,771,income_note|application_url|reference_url_2
ontong_youth_20250904005400211639,미혼남녀 인연만들기,890,20,application_method|application_period|eligibility|notes|overview|required_documents|screening|support_content,357,580,operating_agency|participation_target|income_note|notes|reference_url_2
ontong_youth_20250916005400211694,학자금 대출 신용 회복 지원,1122,22,application_method|application_period|eligibility|notes|overview|required_documents|screening|support_content,218,445,participation_target|income_note|reference_url_2
ontong_youth_20260325005400212272,2026년 청년 사랑채움사업,1239,23,application_method|application_period|eligibility|notes|overview|required_documents|screening|support_content,492,738,application_url|notes
ontong_youth_20260407005400212558,고용이음 안착 지원금(이·전직) 지원(2026년 광주 고용이음 위기 극복 프로젝트),807,19,application_method|application_period|eligibility|notes|overview|required_documents|support_content,196,422,participation_target|additional_eligibility|income_note|screening_method|reference_url_1|reference_url_2
ontong_youth_20260407005400212560,고용이음 패키지 지원사업(2026년 광주 고용이음 위기 극복 프로젝트),1223,19,application_method|application_period|eligibility|notes|overview|required_documents|support_content,433,682,participation_target|additional_eligibility|income_note|application_url|screening_method|reference_url_2
ontong_youth_20260408005400212594,학자금대출 신용유의자 신용회복 지원사업,681,20,application_method|application_period|eligibility|notes|overview|required_documents|screening|support_content,126,357,participation_target|additional_eligibility|income_note|notes|reference_url_2
ontong_youth_20260408005400212625,예비부부 건강검진 사업,672,18,application_method|application_period|eligibility|notes|overview|required_documents|support_content,135,357,participation_target|additional_eligibility|income_note|application_url|screening_method|notes|reference_url_2
ontong_youth_20260430005400113009,청년내일저축계좌,1326,25,application_method|application_period|eligibility|notes|overview|required_documents|screening|support_content,800,1017,participation_target|notes
ontong_youth_20260504005400113115,인재육성사업 추진,801,22,application_method|application_period|eligibility|notes|overview|required_documents|screening|support_content,165,390,application_url|notes|reference_url_2
ontong_youth_20260511005400213180,부산 청년내일저축계좌,906,21,application_method|application_period|eligibility|notes|overview|required_documents|screening|support_content,247,476,operating_agency|additional_eligibility|notes|reference_url_2
ontong_youth_20260513005400213184,청년내일저축계좌 지원,806,21,application_method|application_period|eligibility|notes|overview|required_documents|screening|support_content,127,348,participation_target|additional_eligibility|income_note|reference_url_2
ontong_youth_20260818005400213339,[전남]2026년 하반기 대학생 학자금 대출이자 지원사업,731,20,application_method|application_period|eligibility|notes|overview|required_documents|support_content,177,418,participation_target|additional_eligibility|income_note|screening_method|reference_url_2
ontong_youth_20260818005400213340,2026년 하반기(2026년도 1학기) 5개 자치구(광주권역) 대학(원)생 학자금 대출이자 지원,889,19,application_method|application_period|eligibility|notes|overview|required_documents|support_content,203,475,participation_target|additional_eligibility|income_note|screening_method|notes|reference_url_2
ontong_youth_20250305005400210594,광주형 청년일자리 공제,1019,20,application_method|application_period|eligibility|notes|overview|required_documents|screening|support_content,412,656,operating_agency|additional_eligibility|notes|reference_url_1|reference_url_2
ontong_youth_20250501005400210757,2025 전입청년 교통비 지원,1009,21,application_method|application_period|eligibility|notes|overview|required_documents|screening|support_content,180,409,operating_agency|income_note|notes|reference_url_2
ontong_youth_20250515005400210826,경기도 청년기본소득,1261,21,application_method|application_period|eligibility|notes|overview|required_documents|screening|support_content,380,603,operating_agency|participation_target|income_note|reference_url_2
ontong_youth_20250618005400211057,자립준비청년 자립수당 지원,536,19,application_method|application_period|eligibility|notes|overview|required_documents|screening|support_content,145,376,operating_agency|participation_target|income_note|notes|reference_url_1|reference_url_2
ontong_youth_20250916005400211693,모다드림 청년통장 지원,1512,23,application_method|application_period|eligibility|notes|overview|required_documents|screening|support_content,457,682,notes|reference_url_2
ontong_youth_20251231005400212060,청년 노동자 통장 운영,472,20,application_method|application_period|eligibility|notes|overview|required_documents|screening|support_content,263,477,operating_agency|participation_target|additional_eligibility|notes|reference_url_2
ontong_youth_20251231005400212062,경기 고립은둔청년 지원,423,20,application_method|application_period|eligibility|notes|overview|required_documents|screening|support_content,263,482,operating_agency|participation_target|income_note|notes|reference_url_2
ontong_youth_20260326005400212302,저소득층 기저귀 조제분유 지원사업,547,20,application_method|application_period|eligibility|notes|overview|required_documents|screening|support_content,99,341,participation_target|additional_eligibility|application_url|notes|reference_url_2
ontong_youth_20260331005400212363,주소전입 학생 지원,952,21,application_method|application_period|eligibility|notes|overview|required_documents|screening|support_content,181,395,additional_eligibility|income_note|application_url|reference_url_2
ontong_youth_20260407005400212557,고용이음 안착 지원금(비자발적 퇴사) 지원(2026년 광주 고용이음 위기 극복 프로젝트),774,19,application_method|application_period|eligibility|notes|overview|required_documents|support_content,196,425,participation_target|additional_eligibility|income_note|screening_method|reference_url_1|reference_url_2
ontong_youth_20260407005400212559,고용이음 장기근속 장려금 지원(2026년 광주 고용이음 위기 극복 프로젝트),911,19,application_method|application_period|eligibility|notes|overview|required_documents|support_content,320,542,participation_target|additional_eligibility|income_note|screening_method|reference_url_1|reference_url_2
ontong_youth_20251121005400211920,"대학생 주거 지원(서‧동서울관, 청주관)",414,21,application_method|application_period|eligibility|notes|overview|required_documents|screening|support_content,133,351,operating_agency|participation_target|additional_eligibility|notes
ontong_youth_20260123005400112079,"대학생 연합생활관(은행권,고양)",868,23,application_method|application_period|eligibility|notes|overview|required_documents|screening|support_content,800,1016,additional_eligibility|income_note|application_period|reference_url_2
ontong_youth_20260410005400212667,울산 청년 웰스테이 지원,672,16,application_period|eligibility|notes|overview|support_content,447,657,operating_agency|participation_target|additional_eligibility|income_note|application_method|application_url|screening_method|required_documents|notes
ontong_youth_20250115005400110295,청년월세 특별지원(2차),1243,21,application_method|application_period|eligibility|notes|overview|required_documents|screening|support_content,339,565,participation_target|notes|reference_url_1|reference_url_2
ontong_youth_20250123005400110398,생활안정자금 융자사업,1093,23,application_method|application_period|eligibility|notes|overview|required_documents|support_content,800,1014,additional_eligibility|income_note|screening_method|notes
ontong_youth_20250716005400211308,청년 이사비 지원,537,19,application_method|application_period|eligibility|notes|overview|required_documents|screening|support_content,130,346,operating_agency|participation_target|additional_eligibility|notes|reference_url_1|reference_url_2
ontong_youth_20250903005400211613,청년 주택임차보증금 이자 지원,920,22,application_method|application_period|eligibility|notes|overview|required_documents|screening|support_content,342,577,income_note|notes|reference_url_2
ontong_youth_20250903005400211614,청년월세 지원사업,1191,23,application_method|application_period|eligibility|notes|overview|required_documents|screening|support_content,800,1021,operating_agency|additional_eligibility|notes|reference_url_2
ontong_youth_20260313005400212124,청년신혼부부 월세지원 사업,908,20,application_method|application_period|eligibility|notes|overview|required_documents|screening|support_content,232,474,participation_target|additional_eligibility|income_note|notes|reference_url_2
ontong_youth_20260319005400112218,(국토부) 26년 청년월세 지원사업,2903,27,application_method|application_period|eligibility|notes|overview|required_documents|screening|support_content,800,1029,operating_agency
ontong_youth_20260513005400213198,부산 청년 중개보수 및 이사비 지원,687,23,application_method|application_period|eligibility|notes|overview|required_documents|screening|support_content,156,394,notes|reference_url_2
ontong_youth_20260806005400213321,서구 청년 천원 복비(부동산 중개보수) 지원사업,606,18,application_method|application_period|eligibility|notes|overview|required_documents|support_content,129,366,participation_target|additional_eligibility|income_note|application_url|screening_method|notes|reference_url_2
ontong_youth_20260821005400213346,[광산구]청년 노동자 주거 지원사업 참여기업 모집,779,18,application_method|application_period|eligibility|notes|overview|required_documents|support_content,201,448,participation_target|additional_eligibility|income_note|application_url|screening_method|notes|reference_url_2
ontong_youth_20250716005400211309,제주 청년 희망충전 월세 지원,443,19,application_method|application_period|eligibility|notes|overview|required_documents|screening|support_content,87,319,operating_agency|participation_target|additional_eligibility|notes|reference_url_1|reference_url_2
ontong_youth_20250716005400211316,신혼부부 등 주택전세 및 연월세 자금 대출이자 지원,906,19,application_method|application_period|eligibility|notes|overview|required_documents|screening|support_content,267,513,participation_target|additional_eligibility|income_note|notes|reference_url_1|reference_url_2
ontong_youth_20250901005400211557,2025년도 청년 신혼부부 월세 지원사업,1593,18,application_method|application_period|eligibility|notes|overview|required_documents|screening|support_content,623,866,operating_agency|participation_target|additional_eligibility|income_note|notes|reference_url_1|reference_url_2
ontong_youth_20250903005400211600,청년신혼부부 월세지원 사업,1803,21,application_method|application_period|eligibility|notes|overview|required_documents|screening|support_content,741,970,participation_target|additional_eligibility|income_note|notes|reference_url_2
ontong_youth_20260325005400212271,2026년 청년월세 지원사업,1100,22,application_method|application_period|eligibility|notes|overview|required_documents|screening|support_content,283,525,application_url|notes|reference_url_2
ontong_youth_20260420005400212770,청년맞춤형 주택임차보증금 이자지원,2082,22,application_method|application_period|eligibility|notes|overview|required_documents|screening|support_content,670,908,participation_target|additional_eligibility|income_note|reference_url_2
ontong_youth_20260504005400213039,홍성 신혼부부 주거자금 대출이자 지원,459,22,application_method|application_period|eligibility|notes|overview|required_documents|screening|support_content,94,320,application_url|notes|reference_url_2
ontong_youth_20250106005400210052,곡성군 청년 월세 지원사업,2044,19,application_method|application_period|eligibility|overview|required_documents|screening|support_content,573,813,additional_eligibility|application_url|notes|reference_url_1|reference_url_2|source_url
ontong_youth_20250106005400210053,"곡성군 청년, 신혼부부 주택자금 대출이자 지원사업",2248,19,application_method|application_period|eligibility|overview|required_documents|screening|support_content,686,933,additional_eligibility|application_url|notes|reference_url_1|reference_url_2|source_url
ontong_youth_20250109005400210120,청년 및 주거취약계층 주택 중개수수료 지원 사업,1489,18,application_method|application_period|eligibility|overview|required_documents|screening|support_content,429,672,participation_target|income_note|application_url|notes|reference_url_1|reference_url_2|source_url
ontong_youth_20250114005400210256,신혼부부 주택전세자금 대출이자 지원사업,1132,18,application_method|application_period|eligibility|overview|required_documents|screening|support_content,248,482,operating_agency|participation_target|application_url|notes|reference_url_1|reference_url_2|source_url
ontong_youth_20250710005400211162,2025년 군산시 신혼부부 주택 전세자금 대출이자 지원사업,1543,19,application_method|application_period|eligibility|notes|overview|required_documents|support_content,302,552,operating_agency|application_url|screening_method|reference_url_1|reference_url_2|source_url
ontong_youth_20250716005400111306,청년월세 한시 특별지원,439,19,application_method|application_period|eligibility|notes|overview|screening|support_content,130,349,operating_agency|participation_target|required_documents|notes|reference_url_1|reference_url_2
ontong_youth_20260318005400212197,2026년 군포시 신혼부부 및 청년 전월세 보증금 대출이자 지원,653,19,application_method|application_period|eligibility|notes|overview|screening|support_content,357,591,operating_agency|participation_target|additional_eligibility|application_url|required_documents|notes
ontong_youth_20260406005400212398,(동구) 인천시 청년월세 지원사업,1777,21,application_method|application_period|eligibility|notes|overview|support_content,349,596,screening_method|required_documents|reference_url_1|reference_url_2
ontong_youth_20260409005400212660,울릉섬 청년 주거비 지원사업,1126,19,application_method|application_period|eligibility|notes|overview|screening|support_content,471,702,operating_agency|additional_eligibility|application_url|required_documents|notes|reference_url_2
ontong_youth_20260421005400212798,청년 및 주거취약계층 주택 중개수수료 지원사업,553,17,application_method|application_period|eligibility|notes|overview|support_content,144,378,operating_agency|participation_target|additional_eligibility|income_note|screening_method|required_documents|reference_url_1|reference_url_2
ontong_youth_20260710005400213254,2026년 신혼부부 전세자금 대출이자 지원 안내,558,18,application_method|application_period|eligibility|notes|overview|support_content,161,396,participation_target|additional_eligibility|income_note|screening_method|required_documents|reference_url_1|reference_url_2
ontong_youth_20250113005400210184,용인청년 창업지원주택,586,19,application_method|application_period|eligibility|notes|overview|required_documents|screening|support_content,166,379,operating_agency|participation_target|additional_eligibility|application_url|notes|reference_url_2
ontong_youth_20250903005400211616,청년정착상담소 운영,948,21,application_method|application_period|eligibility|notes|overview|required_documents|screening|support_content,446,664,participation_target|income_note|notes|reference_url_2
ontong_youth_20251121005400211919,청년 농촌보금자리 조성사업,548,21,application_method|application_period|eligibility|notes|overview|required_documents|screening|support_content,168,383,operating_agency|participation_target|additional_eligibility|application_url
ontong_youth_20260407005400212566,광산청년온가 입주자 모집 안내,1160,21,application_method|application_period|eligibility|notes|overview|required_documents|screening|support_content,467,689,participation_target|additional_eligibility|income_note|notes
ontong_youth_20260428005400212893,2026년 전주 청년만원주택 청춘★별채 예비입주자 모집,1040,21,application_method|application_period|eligibility|notes|overview|required_documents|screening|support_content,265,511,operating_agency|participation_target|additional_eligibility|application_url
ontong_youth_20260430005400212956,부산 전세사기 피해주택 시설개선 지원사업,1096,19,application_method|application_period|eligibility|notes|overview|required_documents|screening|support_content,346,582,operating_agency|participation_target|income_note|notes|reference_url_1|reference_url_2
ontong_youth_20260325005400212269,2026년 전세보증금반환보증 보증료 지원사업,1268,21,application_method|application_period|eligibility|notes|overview|required_documents|screening|support_content,347,596,operating_agency|participation_target|income_note|reference_url_2
ontong_youth_20260406005400212463,(중구) 2026년 중구 청년 이사비 지원사업,1271,22,application_method|application_period|eligibility|notes|overview|required_documents|support_content,486,738,additional_eligibility|screening_method|reference_url_2
ontong_youth_20250718005400211407,전입청년 이사 지원사업,1231,21,application_method|application_period|eligibility|notes|overview|screening|support_content,290,515,required_documents|notes|reference_url_1|reference_url_2
ontong_youth_20260429005400212916,광산청년온가 입주자 모집 재공고,782,17,application_method|application_period|eligibility|notes|overview|support_content,418,641,participation_target|additional_eligibility|income_note|screening_method|required_documents|notes|reference_url_1|reference_url_2
ontong_youth_20250903005400111592,전세보증금반환보증 보증료 지원사업,864,21,application_method|application_period|eligibility|notes|overview|required_documents|screening|support_content,225,445,operating_agency|application_url|notes|reference_url_2
ontong_youth_20250729005400211503,경기도 공공기숙사 운영,1463,19,application_method|application_period|eligibility|notes|overview|required_documents|screening|support_content,591,814,operating_agency|additional_eligibility|application_period|notes|reference_url_1|reference_url_2
ontong_youth_20250903005400211618,전세보증금반환보증 보증료 지원,1787,21,application_method|application_period|eligibility|notes|overview|required_documents|screening|support_content,562,783,operating_agency|additional_eligibility|income_note|application_period
ontong_youth_20260406005400212457,(동구) 2026년 청년 웰컴페이(이사비) 지원사업,1149,21,application_method|application_period|eligibility|notes|overview|required_documents|support_content,276,532,application_method|screening_method|reference_url_1|reference_url_2
ontong_youth_20260406005400212462,청년 주택임차보증금 이자 지원 사업 모집,2165,21,application_method|application_period|eligibility|notes|overview|required_documents|support_content,736,972,application_method|screening_method|reference_url_1|reference_url_2
ontong_youth_20260429005400212905,부산 청년 맞춤형 민간임대주택 공급(희망더함주택),698,20,application_method|application_period|eligibility|notes|overview|required_documents|screening|support_content,257,498,operating_agency|application_period|notes|reference_url_1|reference_url_2
ontong_youth_20260513005400213186,부산 전세피해 임차인 민간주택 월세지원사업,1990,21,application_method|application_period|eligibility|notes|overview|required_documents|screening|support_content,523,766,operating_agency|income_note|application_period|reference_url_2
ontong_youth_20260513005400213187,부산 전세보증금 반환보증 보증료 지원,1067,22,application_method|application_period|eligibility|notes|overview|required_documents|screening|support_content,363,597,operating_agency|application_period|reference_url_2
ontong_youth_20250901005400211561,2025년 전세보증금반환보증 보증료 지원사업,1106,17,application_method|application_period|eligibility|overview|required_documents|screening|support_content,358,598,operating_agency|participation_target|income_note|application_url|notes|reference_url_1|reference_url_2|source_url
ontong_youth_20260421005400212797,청년 이사비 지원사업,545,18,application_method|application_period|eligibility|notes|overview|support_content,223,438,operating_agency|participation_target|additional_eligibility|screening_method|required_documents|notes|reference_url_2
ontong_youth_20260421005400212800,신혼부부 등 주택전세 연월세자금 대출이자 지원,657,18,application_method|application_period|eligibility|notes|overview|support_content,158,365,operating_agency|participation_target|additional_eligibility|screening_method|required_documents|reference_url_1|reference_url_2
ontong_youth_20260430005400212961,함평 전입청년 이사 지원사업,1332,22,application_method|application_period|eligibility|notes|overview|required_documents|screening|support_content,295,532,income_note|application_url|reference_url_2
ontong_youth_20260430005400212972,전입 1인가구 안심보안캠설치 지원,456,22,application_method|application_period|eligibility|notes|overview|required_documents|screening|support_content,72,290,income_note|notes|reference_url_2
ontong_youth_20250718005400211379,다가구 등 기존주택 매입임대사업,722,19,application_method|application_period|eligibility|notes|overview|required_documents|screening|support_content,237,468,operating_agency|participation_target|application_period|application_url|notes|reference_url_2
ontong_youth_20260430005400212958,부산 전세피해 임차인 주거안정지원금 지원,1409,21,application_method|application_period|eligibility|notes|overview|required_documents|screening|support_content,273,523,operating_agency|income_note|application_period|reference_url_2
ontong_youth_20260421005400212801,청년월세 지원,528,18,application_method|application_period|eligibility|notes|overview|support_content,142,353,operating_agency|participation_target|additional_eligibility|screening_method|required_documents|reference_url_1|reference_url_2
ontong_youth_20250512005400210809,속초시 청년 이사비용 지원사업,1704,18,application_method|application_period|eligibility|overview|required_documents|screening|support_content,774,998,operating_agency|participation_target|application_period|application_url|notes|reference_url_1|reference_url_2|source_url
ontong_youth_20250617005400110952,미혼청년 주거급여 분리지급,897,19,application_method|application_period|eligibility|notes|overview|support_content,800,1014,operating_agency|application_period|screening_method|required_documents|notes|reference_url_1|reference_url_2
ontong_youth_20250903005400211615,청년정책 홍보 사업,475,17,application_method|application_period|eligibility|notes|overview|support_content,176,390,participation_target|additional_eligibility|income_note|application_period|screening_method|required_documents|notes|reference_url_2
ontong_youth_20250114005400110236,국가장학금Ⅰ유형(학생직접지원형),1203,25,application_method|application_period|eligibility|notes|overview|required_documents|screening|support_content,800,1017,participation_target|reference_url_2
ontong_youth_20251121005400211913,양산시 대학생 학자금대출 이자지원,572,21,application_method|application_period|eligibility|notes|overview|required_documents|screening|support_content,192,426,operating_agency|income_note|application_url|reference_url_2
ontong_youth_20260407005400212570,2026년 광주광역시 평생교육이용권 신청 접수,765,21,application_method|application_period|eligibility|notes|overview|required_documents|screening|support_content,188,416,participation_target|additional_eligibility|income_note|application_url
ontong_youth_20260408005400212626,[남구]2026년 청년 자격증 취득 지원 사업,1091,19,application_method|application_period|eligibility|notes|overview|required_documents|support_content,378,615,participation_target|additional_eligibility|income_note|application_url|screening_method|reference_url_2
ontong_youth_20260702005400213247,2026년 완도군 청년 자격증 응시료 지원사업,1073,19,application_method|application_period|eligibility|notes|overview|required_documents|screening|support_content,370,598,participation_target|additional_eligibility|income_note|application_url|notes|reference_url_2
ontong_youth_20260722005400213277,[22개 시·군] 2026 청년 잡업 프로젝트 자격증 취득 온라인 수강권 지원사업,773,19,application_method|application_period|eligibility|notes|overview|required_documents|support_content,200,448,participation_target|additional_eligibility|income_note|screening_method|notes|reference_url_2
ontong_youth_20260722005400213282,2026년 완도군 청년 자격증 응시료 지원사업,1088,19,application_method|application_period|eligibility|notes|overview|required_documents|screening|support_content,370,598,participation_target|additional_eligibility|income_note|application_url|notes|reference_url_2
ontong_youth_20260722005400213296,[남구]2026년 청년 자격증 취득 지원 사업,1106,19,application_method|application_period|eligibility|notes|overview|required_documents|support_content,378,615,participation_target|additional_eligibility|income_note|application_url|screening_method|reference_url_2
ontong_youth_20250316005400210636,서울희망 공익인재 장학금,1458,23,application_method|application_period|eligibility|notes|overview|required_documents|screening|support_content,800,1015,operating_agency|participation_target|income_note|reference_url_2
ontong_youth_20250316005400210638,서울해외교환학생장학금,1609,24,application_method|application_period|eligibility|notes|overview|required_documents|screening|support_content,800,1013,operating_agency|participation_target|reference_url_2
ontong_youth_20250616005400110939,취업후상환학자금_등록금,945,23,application_method|application_period|eligibility|notes|overview|required_documents|support_content,800,1011,participation_target|additional_eligibility|screening_method|notes
ontong_youth_20250616005400110940,취업후상환학자금_생활비,1152,24,application_method|application_period|eligibility|notes|overview|required_documents|support_content,800,1011,additional_eligibility|screening_method|notes
ontong_youth_20250618005400111020,전문기술인재 장학금 지원,1074,22,application_method|application_period|eligibility|notes|overview|required_documents|support_content,800,1014,income_note|screening_method|notes|reference_url_1|reference_url_2
ontong_youth_20250108005400210069,2025년도 미래농업대학 스마트농업인 양성 과정,970,20,application_method|application_period|eligibility|notes|overview|required_documents|screening|support_content,220,448,participation_target|income_note|notes|reference_url_1|reference_url_2
ontong_youth_20250113005400110192,청년임업인 특성화교육,870,21,application_method|application_period|eligibility|notes|overview|required_documents|screening|support_content,800,1012,participation_target|additional_eligibility|income_note|notes|reference_url_1|reference_url_2
ontong_youth_20250114005400110248,우수학생 국가장학금(예술체육비전 장학금),1114,22,application_method|application_period|eligibility|notes|overview|required_documents|support_content,800,1017,participation_target|additional_eligibility|income_note|screening_method|reference_url_2
ontong_youth_20250618005400111002,차세대 보안 리더,1283,22,application_method|application_period|eligibility|notes|overview|required_documents|screening|support_content,800,1011,additional_eligibility|income_note|notes|reference_url_1|reference_url_2
ontong_youth_20250619005400111070,(청년 금융교육 지원) 대학생 금융교육봉사단,1969,24,application_method|application_period|eligibility|notes|overview|required_documents|screening|support_content,800,1022,participation_target|income_note|reference_url_1|reference_url_2
ontong_youth_20250619005400111072,(청년 금융교육 지원) 대학 실용금융 강좌 온라인(K-MOOC) 개설,966,24,application_method|application_period|eligibility|notes|overview|required_documents|screening|support_content,800,1036,income_note|reference_url_1|reference_url_2
ontong_youth_20250710005400211176,평생교육이용권[디지털] 지원,1342,20,application_method|application_period|eligibility|notes|overview|required_documents|screening|support_content,398,627,operating_agency|income_note|notes|reference_url_1|reference_url_2
ontong_youth_20250710005400211177,평생교육이용권[일반·장애인] 지원,1151,20,application_method|application_period|eligibility|notes|overview|required_documents|screening|support_content,297,542,operating_agency|additional_eligibility|notes|reference_url_1|reference_url_2
ontong_youth_20250711005400211183,도시재생 전문인력 양성사업 지원,588,20,application_method|application_period|eligibility|notes|overview|required_documents|screening|support_content,800,1031,operating_agency|participation_target|additional_eligibility|income_note|application_url|notes|reference_url_2
ontong_youth_20250904005400211625,대학생 사이버보안 경진대회,844,23,application_method|application_period|eligibility|notes|overview|required_documents|screening|support_content,800,1013,operating_agency|additional_eligibility|income_note|reference_url_2
ontong_youth_20251121005400211927,대학생 글로벌 해외연수,566,19,application_method|application_period|eligibility|notes|overview|required_documents|screening|support_content,235,446,operating_agency|participation_target|additional_eligibility|income_note|application_url|reference_url_2
ontong_youth_20260406005400212419,부산 NEXT 10(월드클래스 육성) 운영,1013,20,application_method|application_period|eligibility|notes|overview|required_documents|screening|support_content,245,449,participation_target|additional_eligibility|income_note|reference_url_1|reference_url_2
ontong_youth_20260406005400212425,부산 국제마케팅 전문인력 양성,664,19,application_method|application_period|eligibility|notes|overview|required_documents|screening|support_content,262,491,operating_agency|participation_target|additional_eligibility|income_note|application_url|reference_url_2
ontong_youth_20260408005400212617,인공지능사관학교 7기 교육생 모집,1061,19,application_method|application_period|eligibility|notes|overview|required_documents|support_content,587,809,participation_target|additional_eligibility|income_note|screening_method|reference_url_1|reference_url_2
ontong_youth_20260424005400212872,서울영커리언스 인턴십Ⅰ(여름학기),1504,24,application_method|application_period|eligibility|notes|overview|required_documents|screening|support_content,466,698,income_note
ontong_youth_20260429005400212906,부산 화장품 제조판매 전문인력 양성,595,20,application_method|application_period|eligibility|notes|overview|required_documents|screening|support_content,208,449,participation_target|income_note|notes|reference_url_1|reference_url_2
ontong_youth_20250618005400211053,지역혁신중심 대학지원체계,608,19,application_method|application_period|eligibility|notes|overview|required_documents|support_content,177,392,participation_target|income_note|screening_method|notes|reference_url_1|reference_url_2
ontong_youth_20260304005400212098,AI 면접 및 역량 검사 체험 지원,983,19,application_method|application_period|eligibility|notes|overview|required_documents|support_content,163,385,operating_agency|participation_target|additional_eligibility|income_note|screening_method|reference_url_2
ontong_youth_20260504005400113082,청년농업인 창농 신성장 활동,485,22,application_method|application_period|eligibility|notes|overview|required_documents|screening|support_content,94,299,application_url|notes|reference_url_2
ontong_youth_20260504005400113119,청년농업인 역량강화 지원,526,22,application_method|application_period|eligibility|notes|overview|required_documents|screening|support_content,94,297,application_url|notes|reference_url_2
ontong_youth_20250114005400110244,우수학생 국가장학금(인문 100년 장학금),1390,21,application_method|application_period|eligibility|notes|overview|support_content,800,1018,participation_target|additional_eligibility|income_note|screening_method|required_documents|reference_url_2
ontong_youth_20250612005400110919,청년법조인 국제법무 전문인력 양성,1282,21,application_method|application_period|eligibility|overview|required_documents|screening|support_content,800,1018,income_note|application_url|notes|reference_url_1|reference_url_2|source_url
ontong_youth_20250618005400211049,SW중심대학 지원,498,16,application_method|application_period|eligibility|overview|required_documents|screening|support_content,220,431,operating_agency|participation_target|additional_eligibility|income_note|application_url|notes|reference_url_1|reference_url_2|source_url
ontong_youth_20250710005400211175,빛고을장학재단 장학금 지원(25년 상반기),778,17,application_method|application_period|eligibility|overview|required_documents|screening|support_content,369,619,operating_agency|participation_target|additional_eligibility|application_url|notes|reference_url_1|reference_url_2|source_url
ontong_youth_20250710005400211179,청년농업인 맞춤형 영농기반 조성(시범사업),641,17,application_method|application_period|eligibility|notes|overview|screening|support_content,186,426,operating_agency|participation_target|additional_eligibility|income_note|required_documents|notes|reference_url_1|reference_url_2
ontong_youth_20260421005400212788,기능경기대회 참가 지원사업,892,18,application_method|application_period|eligibility|notes|overview|support_content,272,463,operating_agency|participation_target|additional_eligibility|income_note|screening_method|required_documents|reference_url_2
ontong_youth_20260421005400212806,제주 ICT 전문인력 양성센터 운영 사업,871,17,application_method|application_period|eligibility|notes|overview|support_content,206,431,operating_agency|participation_target|additional_eligibility|income_note|screening_method|required_documents|reference_url_1|reference_url_2
ontong_youth_20260421005400212808,제주청년 글로벌스탠다드 역량강화 지원사업,760,18,application_method|application_period|eligibility|notes|overview|support_content,265,488,operating_agency|participation_target|additional_eligibility|income_note|screening_method|required_documents|reference_url_2
ontong_youth_20260421005400212811,지역특화 청년 무역전문가 양성사업(GTEP),647,17,application_method|application_period|eligibility|notes|overview|support_content,203,407,operating_agency|participation_target|additional_eligibility|income_note|application_url|screening_method|required_documents|reference_url_2
ontong_youth_20260421005400212825,청년농업인 육성,1378,18,application_method|application_period|eligibility|notes|overview|support_content,679,895,operating_agency|participation_target|additional_eligibility|income_note|screening_method|required_documents|reference_url_2
ontong_youth_20260706005400213250,"2026 청년 취업교육(N잡/프리랜서, 진로/취업 커리어 개발 교육)",805,20,application_method|application_period|eligibility|notes|overview|screening|support_content,297,558,operating_agency|income_note|required_documents|notes|reference_url_2
ontong_youth_20260714005400113259,청년도약 인재양성 부트캠프,749,23,application_method|application_period|eligibility|notes|overview|support_content,800,1010,participation_target|income_note|screening_method|required_documents
ontong_youth_20260821005400213344,청년도약 인재양성 부트캠프 사업(인문·사회 분야),635,18,application_method|application_period|eligibility|notes|overview|support_content,261,492,participation_target|additional_eligibility|income_note|application_url|screening_method|required_documents|reference_url_2
ontong_youth_20260504005400113095,첨단산업 인재양성 부트캠프,734,22,application_method|application_period|eligibility|notes|overview|required_documents|screening|support_content,170,388,application_url|notes|reference_url_2
ontong_youth_20250619005400111073,(청년 금융교육 지원) 청년층을 위한 실전 재무설계 온라인 동영상,871,23,application_method|application_period|eligibility|notes|overview|required_documents|screening|support_content,800,1034,income_note|application_period|reference_url_1|reference_url_2
ontong_youth_20250623005400111104,청년 SW개발자 커뮤니티 지원 및 멘토단 구성,633,21,application_method|application_period|eligibility|notes|overview|required_documents|screening|support_content,800,1036,participation_target|additional_eligibility|income_note|application_period|reference_url_1|reference_url_2
ontong_youth_20250310005400210604,『찾아가는 전세사기 피해예방』 교육 및 상담,594,17,application_method|application_period|eligibility|notes|overview|screening|support_content,232,472,operating_agency|participation_target|additional_eligibility|income_note|required_documents|notes|reference_url_1|reference_url_2
ontong_youth_20250618005400211041,강원인재육성평생교육진흥원 지원,337,19,application_method|application_period|eligibility|notes|overview|screening|support_content,107,322,participation_target|additional_eligibility|required_documents|notes|reference_url_1|reference_url_2
ontong_youth_20250904005400211624,청년재능활동가 지원사업,532,18,application_method|application_period|eligibility|notes|overview|support_content,148,371,participation_target|additional_eligibility|income_note|screening_method|required_documents|notes|reference_url_2
ontong_youth_20260312005400112115,에너지인력양성(R&D),663,19,application_method|application_period|eligibility|notes|overview|support_content,800,1013,participation_target|additional_eligibility|income_note|application_url|screening_method|required_documents|notes|reference_url_2
ontong_youth_20260415005400212745,창의융합형 공학인재 양성 지원사업,529,17,application_method|application_period|eligibility|notes|overview|support_content,121,343,operating_agency|participation_target|additional_eligibility|income_note|screening_method|required_documents|reference_url_1|reference_url_2
ontong_youth_20260421005400212787,혁신인재 플랫폼 제주더큰내일센터 운영,504,17,application_method|application_period|eligibility|notes|overview|support_content,185,412,operating_agency|participation_target|additional_eligibility|screening_method|required_documents|notes|reference_url_1|reference_url_2
ontong_youth_20250316005400210639,2026년 서울시 청년인생설계학교,2318,23,application_method|application_period|eligibility|notes|overview|required_documents|screening|support_content,783,1002,operating_agency|participation_target|income_note|reference_url_2
ontong_youth_20250619005400111066,(청년 금융교육 지원) 대학 실용금융 강좌,1139,22,application_method|application_period|eligibility|notes|overview|required_documents|screening|support_content,800,1020,participation_target|additional_eligibility|income_note|reference_url_1|reference_url_2
ontong_youth_20260504005400113110,충남도립대 등록금 장학금 지급,1004,22,application_method|application_period|eligibility|notes|overview|required_documents|screening|support_content,244,464,application_url|notes|reference_url_2
ontong_youth_20260722005400213268,2026년 「청년농업인 스마트창농 교육」,872,19,application_method|application_period|eligibility|notes|overview|required_documents|screening|support_content,246,471,participation_target|additional_eligibility|income_note|application_url|notes|reference_url_2
ontong_youth_20260821005400213343,콘텐츠 테크하이어 QA 과정 교육생 모집,847,20,application_method|application_period|eligibility|notes|overview|required_documents|screening|support_content,173,389,participation_target|additional_eligibility|income_note|notes|reference_url_2
ontong_youth_20251231005400212069,대학교 노동인권 강좌개설 및 프로그램 개발,399,18,application_method|application_period|eligibility|notes|overview|required_documents|screening|support_content,263,482,operating_agency|participation_target|additional_eligibility|income_note|application_url|notes|reference_url_2
ontong_youth_20260325005400212277,관외 이동 근로자 및 학생 열차운임비 지원,1410,19,application_method|application_period|eligibility|notes|overview|required_documents|support_content,363,600,participation_target|additional_eligibility|income_note|application_url|screening_method|reference_url_2
ontong_youth_20250717005400211373,청년 공동체 활성화 사업,886,16,application_method|application_period|eligibility|overview|required_documents|screening|support_content,261,483,operating_agency|participation_target|additional_eligibility|income_note|application_url|notes|reference_url_1|reference_url_2|source_url
ontong_youth_20251124005400211941,전남형 청년마을 조성사업,1327,21,application_method|application_period|eligibility|notes|overview|required_documents|screening|support_content,367,600,operating_agency|participation_target|income_note|application_url
ontong_youth_20260402005400212385,제7기 평택시 청년네트워크 운영 및 지원,699,18,application_method|application_period|eligibility|notes|overview|required_documents|screening|support_content,191,418,operating_agency|participation_target|additional_eligibility|income_note|application_url|notes|reference_url_2
ontong_youth_20250123005400110389,중증장애인근로자 출퇴근 비용 지원,944,24,application_method|application_period|eligibility|notes|overview|required_documents|support_content,800,1018,screening_method|notes|reference_url_2
ontong_youth_20250904005400211649,2025 청년정책 발굴 사업,612,19,application_method|application_period|eligibility|notes|overview|screening|support_content,203,427,participation_target|additional_eligibility|income_note|required_documents|notes|reference_url_2
ontong_youth_20250904005400211648,청년자율편성예산제 운영,473,18,application_method|application_period|eligibility|notes|overview|required_documents|screening|support_content,167,388,operating_agency|participation_target|additional_eligibility|income_note|application_period|notes|reference_url_2
ontong_youth_20250711005400211198,광주청년위원회(제10기),672,16,application_method|application_period|eligibility|overview|required_documents|screening|support_content,255,483,operating_agency|participation_target|additional_eligibility|income_note|application_url|notes|reference_url_1|reference_url_2|source_url
ontong_youth_20260421005400212826,제주청년의 주도적 성장·도약 UP,656,18,application_method|application_period|eligibility|notes|overview|support_content,275,506,operating_agency|participation_target|additional_eligibility|income_note|screening_method|required_documents|notes
ontong_youth_20260421005400212828,제주청년센터 운영,728,17,application_method|application_period|eligibility|notes|overview|support_content,300,541,operating_agency|participation_target|additional_eligibility|income_note|screening_method|required_documents|notes|reference_url_2
ontong_youth_20250123005400110388,육아기 근로시간 단축 급여,1327,20,application_method|application_period|eligibility|notes|overview|required_documents|support_content,800,1013,operating_agency|participation_target|income_note|application_period|screening_method|notes|reference_url_2
ontong_youth_20250829005400211532,구미영 에너지(청년활동지원) 사업,793,17,application_method|application_period|eligibility|notes|overview|required_documents|screening|support_content,332,524,operating_agency|participation_target|additional_eligibility|income_note|application_url|reference_url_1|reference_url_2|source_url
ontong_youth_20250221005400210521,충북청년희망센터 운영,474,15,application_method|application_period|eligibility|notes|overview|support_content,179,431,operating_agency|participation_target|additional_eligibility|income_note|application_period|screening_method|required_documents|notes|reference_url_1|reference_url_2
ontong_youth_20260317005400212176,(광양시) 인구청년정책 시민참여단 역량강화 교육,297,16,application_period|eligibility|notes|overview|support_content,72,313,operating_agency|participation_target|additional_eligibility|income_note|application_method|application_url|screening_method|required_documents|notes
ontong_youth_20250514005400110813,유엔참전국 교류캠프,1216,21,application_method|application_period|eligibility|notes|overview|required_documents|screening|support_content,800,1010,operating_agency|participation_target|income_note|application_url|notes|reference_url_2
ontong_youth_20260313005400212135,새마을 해외봉사활동,570,20,application_method|application_period|eligibility|notes|overview|required_documents|screening|support_content,137,352,participation_target|additional_eligibility|income_note|application_url|reference_url_2
ontong_youth_20250113005400110168,중남미 지역기구 인턴 파견,764,21,application_method|application_period|eligibility|notes|overview|required_documents|screening|support_content,800,1013,operating_agency|participation_target|income_note|notes|reference_url_1|reference_url_2
ontong_youth_20250114005400110230,에너지 국제기구 인턴 파견,706,21,application_method|application_period|eligibility|notes|overview|required_documents|screening|support_content,800,1012,operating_agency|participation_target|income_note|notes|reference_url_1|reference_url_2
ontong_youth_20250114005400110245,국제기구초급전문가(JPO) 파견,1235,21,application_method|application_period|eligibility|notes|overview|required_documents|screening|support_content,800,1015,operating_agency|participation_target|income_note|notes|reference_url_1|reference_url_2
ontong_youth_20250116005400110308,공공외교 현장 실습원,408,20,application_method|application_period|eligibility|notes|overview|required_documents|screening|support_content,800,1009,operating_agency|participation_target|additional_eligibility|income_note|notes|reference_url_1|reference_url_2
ontong_youth_20250618005400111026,KOICA 영프로페셔널(해외),547,23,application_method|application_period|eligibility|notes|overview|required_documents|screening|support_content,800,1018,participation_target|income_note|notes|reference_url_2
ontong_youth_20240708005400200012,울산 동구 청년협의체 운영(제4기 위원 모집),1612,23,application_method|application_period|eligibility|notes|overview|required_documents|screening|support_content,762,1000,income_note|application_url|reference_url_2
ontong_youth_20250124005400210402,「2025년 제3기 계양구 청년네트워크 위원」모집,1413,21,application_method|application_period|eligibility|notes|overview|required_documents|screening|support_content,183,403,operating_agency|income_note|reference_url_1|reference_url_2
ontong_youth_20250307005400210601,부천시 청년정책협의체 위원 모집(기간 연장),972,20,application_method|application_period|eligibility|notes|overview|required_documents|screening|support_content,338,570,participation_target|additional_eligibility|income_note|application_url|reference_url_2
ontong_youth_20250328005400210669,서귀포시 청년정책협의체 운영,814,18,application_method|application_period|eligibility|notes|overview|required_documents|screening|support_content,194,412,operating_agency|participation_target|additional_eligibility|income_note|notes|reference_url_1|reference_url_2
ontong_youth_20250502005400210781,청년발전위원회 운영,1112,19,application_method|application_period|eligibility|notes|overview|required_documents|screening|support_content,243,453,operating_agency|participation_target|income_note|application_url|notes|reference_url_2
ontong_youth_20250915005400211692,IFWY 2025 한국 지역 대화 참가자 모집,751,21,application_method|application_period|eligibility|notes|overview|required_documents|screening|support_content,800,1021,operating_agency|participation_target|additional_eligibility|income_note|notes|reference_url_2
ontong_youth_20251222005400212041,청년 서포터즈 기자단,899,20,application_method|application_period|eligibility|notes|overview|required_documents|screening|support_content,189,411,participation_target|additional_eligibility|income_note|notes|reference_url_2
ontong_youth_20251222005400212042,청년 소셜링 프로그램,923,20,application_method|application_period|eligibility|notes|overview|required_documents|screening|support_content,237,450,participation_target|additional_eligibility|income_note|notes|reference_url_2
ontong_youth_20251223005400212046,청년브랜드참여단 운영,919,18,application_method|application_period|eligibility|notes|overview|required_documents|screening|support_content,237,475,operating_agency|participation_target|additional_eligibility|income_note|application_url|notes|reference_url_2
ontong_youth_20260407005400112540,새만금 스포일러 모집(2026년 새만금개발청 정책기자단),851,22,application_method|application_period|eligibility|notes|overview|required_documents|screening|support_content,800,1028,operating_agency|participation_target|income_note|application_url|notes
ontong_youth_20260407005400212556,광주광역시 시민참여예산 제안사업 공모,1242,19,application_method|application_period|eligibility|notes|overview|required_documents|support_content,351,592,participation_target|additional_eligibility|income_note|screening_method|reference_url_1|reference_url_2
ontong_youth_20260410005400212663,2026 서울 동아리ON(대학생 동아리 지원),2555,24,application_method|application_period|eligibility|notes|overview|required_documents|screening|support_content,800,1030,operating_agency|additional_eligibility|income_note
ontong_youth_20260410005400212666,2026 관광기업지원센터 SNS홍보 서포터즈 모집,812,18,application_method|application_period|eligibility|notes|overview|required_documents|support_content,314,553,participation_target|additional_eligibility|income_note|application_url|screening_method|notes|reference_url_2
ontong_youth_20260428005400212895,2026년 전주시 「청년참여예산 민간보조금」 지원,1006,19,application_method|application_period|eligibility|notes|overview|required_documents|screening|support_content,317,549,operating_agency|participation_target|additional_eligibility|income_note|application_url|notes
ontong_youth_20260513005400213182,2026년 맞춤형 예비 창업가 발굴·육성사업 청년창업기업 엑셀러레이팅 및 기업 수요기반 컨시어지 멘토단 모집,797,20,application_method|application_period|eligibility|notes|overview|required_documents|screening|support_content,188,463,participation_target|additional_eligibility|income_note|reference_url_1|reference_url_2
ontong_youth_20260513005400213185,2026년도 광주형 청년갭이어 지원사업,713,20,application_method|application_period|eligibility|notes|overview|required_documents|screening|support_content,149,382,participation_target|additional_eligibility|income_note|reference_url_1|reference_url_2
ontong_youth_20260615005400213233,2026년 서구 청년 크리에이터단 참여자 모집,1112,18,application_method|application_period|eligibility|notes|overview|required_documents|support_content,441,669,participation_target|additional_eligibility|income_note|application_url|screening_method|notes|reference_url_2
ontong_youth_20260812005400213333,광주자치경찰 「청년 서포터즈 112」 제11기 모집,663,20,application_method|application_period|eligibility|notes|overview|required_documents|screening|support_content,146,386,participation_target|additional_eligibility|income_note|application_url|reference_url_2
ontong_youth_20250125005400210403,2025년 화성시 청년활동포인트제(1차),618,23,application_method|application_period|eligibility|notes|overview|required_documents|screening|support_content,800,1017,operating_agency|income_note|reference_url_1|reference_url_2
ontong_youth_20250221005400210533,제3기 세종특별자치시 청년정책조정위원회 위원 모집,745,22,application_method|application_period|eligibility|notes|overview|required_documents|screening|support_content,103,347,income_note|notes|reference_url_2
ontong_youth_20250305005400210595,광주청년정책조정위원회 위촉직 위원 모집,851,23,application_method|application_period|eligibility|notes|overview|required_documents|screening|support_content,800,1035,operating_agency|income_note|reference_url_1|reference_url_2
ontong_youth_20260121005400212078,제2기 원주시 청년정책네트워크 위원 모집,1293,21,application_method|application_period|eligibility|notes|overview|required_documents|screening|support_content,321,517,operating_agency|additional_eligibility|income_note|reference_url_2
ontong_youth_20260317005400212170,2026년 경상북도 반학반어 청년지원사업,691,24,application_method|application_period|eligibility|notes|overview|required_documents|screening|support_content,800,1033,income_note|notes|reference_url_2
ontong_youth_20260428005400212887,제10기 청년희망단 운영,826,21,application_method|application_period|eligibility|notes|overview|required_documents|screening|support_content,164,393,participation_target|income_note|notes|reference_url_2
ontong_youth_20260429005400212917,청년 모임 지원사업 [청년모힘],1063,21,application_method|application_period|eligibility|notes|overview|required_documents|screening|support_content,169,380,participation_target|additional_eligibility|income_note|reference_url_2
ontong_youth_20260520005400213208,2026년 서울청년정책네트워크 하반기 모집,1560,21,application_method|application_period|eligibility|notes|overview|required_documents|screening|support_content,499,751,operating_agency|additional_eligibility|income_note|notes
ontong_youth_20260522005400213214,2026 청년자율예산 「청년정책실험실」 참여자 모집 공고,797,19,application_method|application_period|eligibility|notes|overview|required_documents|screening|support_content,165,417,participation_target|additional_eligibility|income_note|notes|reference_url_1|reference_url_2
ontong_youth_20260618005400213239,2026년 서구 하반기 청년강사 모집,951,18,application_method|application_period|eligibility|notes|overview|required_documents|support_content,434,657,participation_target|additional_eligibility|income_note|application_url|screening_method|notes|reference_url_2
ontong_youth_20260804005400213319,2026. 「은평 청년 버스킹 페스타」 참가자 모집,1169,21,application_method|application_period|eligibility|notes|overview|required_documents|screening|support_content,175,396,operating_agency|participation_target|income_note|reference_url_2
ontong_youth_20250125005400210408,「제4기 화성시 청년정책협의체」 위원 모집,1047,18,application_method|application_period|eligibility|overview|required_documents|screening|support_content,233,463,operating_agency|income_note|application_url|notes|reference_url_1|reference_url_2|source_url
ontong_youth_20250508005400210800,청년정책 서포터즈 [광주 청년톡파원] 1기,1051,20,application_method|application_period|eligibility|notes|overview|screening|support_content,205,431,operating_agency|participation_target|income_note|required_documents|reference_url_2
ontong_youth_20250804005400211509,대구청년정책네트워크,569,21,application_method|application_period|eligibility|notes|overview|screening|support_content,121,335,participation_target|additional_eligibility|income_note|required_documents
ontong_youth_20250904005400211655,청년문화 활성화,573,20,application_method|application_period|eligibility|notes|overview|screening|support_content,179,389,participation_target|additional_eligibility|income_note|required_documents|reference_url_2
ontong_youth_20260407005400212569,2026 청년 노동인권 파트너즈 모집,552,17,application_method|application_period|eligibility|notes|overview|support_content,129,361,participation_target|additional_eligibility|income_note|screening_method|required_documents|notes|reference_url_1|reference_url_2
ontong_youth_20260428005400212898,"청춘 ""금손(뜨개질 덕후)"" 모여락(樂)",719,17,application_method|application_period|eligibility|notes|overview|support_content,176,394,operating_agency|participation_target|additional_eligibility|income_note|application_url|screening_method|required_documents|reference_url_2
ontong_youth_20260610005400113229,산림산업 창업지원_산림청년포럼,564,22,application_method|application_period|eligibility|notes|overview|screening|support_content,800,1020,participation_target|additional_eligibility|income_note|required_documents|reference_url_2
ontong_youth_20251222005400212043,청춘만남 프로그램,937,22,application_method|application_period|eligibility|notes|overview|required_documents|screening|support_content,141,356,additional_eligibility|income_note|reference_url_2
ontong_youth_20260821005400213345,2026년 청년 넷제로 상상뜨락 리빙랩 아이디어 공모전,888,19,application_method|application_period|eligibility|notes|overview|required_documents|screening|support_content,274,516,participation_target|additional_eligibility|income_note|application_url|notes|reference_url_2
