question_id,question,answer,expected_doc_id,rank,score,retrieved_doc_id,chunk_id,answer_in_chunk,retrieved_text
c1_57059-1,서울과 충북 괴산에서 '국제청소년포럼'을 여는 곳은?,한국청소년단체협의회와 여성가족부,doc_0001,1,0.882089,doc_0001,doc_0001_chunk_000,O,"한국청소년단체협의회와 여성가족부는 22일부터 28일까지 서울과 충북 괴산에서 '국제청소년포럼'을 연다고 21일 밝혔다. 한국 미국 캐나다 호주 등 전 세계 32개국 75여명의 대학생, 청소년들이 모여 전 세계적 현안문제에 대한 대안과 해결책을 모색하는 자리다. 이번 포럼의 주제는 '청소년과 뉴미디어'다. 스마트폰 SNS 태블릿PC 등 새로운 커뮤니케이션 매체인 '뉴미디어'에 대한 성찰과 문제점에 대해 토론한다. 기조강연을 시작으로 국가별 주제관련 사례발표, 그룹 토론 및 전체총회, '청소년선언문' 작성 및 채택 등 다양한 프로그램을 운영한다. 개회식은 22일 서울 방화동에 있는 국제청소년센터 국제회의장에서 한다. 전 세계 32개국 대학생ㆍ청소년 참가자와 전국의 청소년기관단체장과 청소년지도자 여성가족부 주한외교사절 등 100여명이 참석할 예정이다. 23일에는 유엔미래포럼 박영숙 대표가 '뉴미디어의 균형 있는 발전을 위한 청소년의 역할'에 대해 기조강연을 한다. 뉴미디어의 올바른 활용방안과 청소년문화의 형성에 대해 설명할 계획이다. 27일 폐회식에서는 '청소년선언문'을 채택한다. 선언문에는 전 세계적으로 뉴미디어의 바람직한 발전을 촉구하며 각국 청년들이 함께 실천할 수 있는 내용 등이 담길 예정이다. 한국청소년단체협의회는 포럼이 끝난 뒤 UN 등 국제기구와 참가자 각국 정부 등 국제사회에 선언문을 전달할 예정이다."
c1_57059-1,서울과 충북 괴산에서 '국제청소년포럼'을 여는 곳은?,한국청소년단체협의회와 여성가족부,doc_0001,2,0.827981,doc_0149,doc_0149_chunk_000,X,"경북 영덕과 전북 김제에 특성화된 청소련수련시설이 들어선다. 여성가족부는 18일 국립영덕청소년해양환경체험센터와 국립김제농업생명청소년수련원 착공식을 가졌다고 밝혔다. 영덕청소년해양환경체험센터는 영덕군 영덕읍 창포리 일원 5만여㎡ 부지에 들어선다. 여성가족부는 내년 말까지 326억원을 투입해 해양자원탐사 조선·항해 해양환경연구 등 다양한 과정을 체험할 수 있도록 할 계획이다. 김제농업생명청소년수련원은 김제시 부량면 용성리에 역시 내년 말까지 건립 예정이다. 253억원을 투입, 3만8000여㎡ 부지에 농업생명공학 농업과학 농업생태환경 등 체험시설을 짓게 된다. 두 특성화 시설은 푸른청소년수련시설이 임대형 민자사업으로 건립한다. 민간투자자가 건립, 20~30년간 시설관리 청소 경비 등을 맡고 여성가족부는 매년 임대료를 지급하는 형태다. 두개 시설이 완공되면 국립청소년수련시설은 모두 5개로 늘어난다. 여성가족부는 현재 강원 평창과 충남 천안, 전남 고흥에 평창청소년수련원 중앙청소년수련원 고흥청소년우주체험센터를 운영 중이다. 백희영 장관은 ""두곳 특성화 수련시설을 통해 청소년들이 해양환경과 농업생명의 소중함을 인식하고 미래 해양자원 개발과 농업기술에 대한 전망을 제시할 수 있을 것""이라고 기대했다."
c1_57059-1,서울과 충북 괴산에서 '국제청소년포럼'을 여는 곳은?,한국청소년단체협의회와 여성가족부,doc_0001,3,0.813704,doc_0168,doc_0168_chunk_000,X,"“태권도 기술·정신 함께 담아낼 터” “우리 프로젝트의 근본은 태권도 정신이다. 요새처럼 컴퓨터 게임의 버튼 하나로 적을 죽일 수 있는 시대에 태권도 정신의 의미는 크다고 생각한다. 정정당당히 겨뤄 승부를 내는 것을 말한다. 이런 게임문화에 익숙한 서유럽쪽에 한국의 태권도 정신을 느끼게 하는 작품을 만들겠다.” 경기도 문화의전당이 기획·제작해 오는 5월 말 서울에서 첫선을 보이는 태권도 소재 넌버벌 퍼포먼스 〈달밤의 기사〉(가제)의 연출을 맡은 키르키스탄 출신의 세계적인 연출가 빅토르 크라메르(43)가 28일 기자회견에서 “태권도의 화려한 기술적인 면 뿐만 아니라 태권도 고유의 정신적인 면을 잘 조화시키겠다”고 밝혔다. 빅토르 크라메르는 〈슬라바 프로닌의 스노우쇼〉와 〈판타지아-바람을 기다리는 여섯 사람〉 등의 작품으로 영국 ‘로렌스 올리비에 기념 최고연극상’, 에딘버러 페스티벌의 ‘에딘버러 프린지 퍼스트’, 러시아 민족상 ‘황금마스크’ 연출상 등을 수상하고 세계의 이름난 페스티벌과 연극제에 초청된 세계적인 연출가이다. 그는 “태권도는 동양적인 것에 매우 관심이 많은 유럽인들도 흥미를 가질 수 있는 소재”라면서 “서양과 동양의 양문화의 매개체가 될 수 있는 공연을 만들 수 있을 것 같다는 확신이 들었다”고 말했다. 그는 태권도를 이해하기 위해 지난해 12월부터 두 차례 한국을 방문하면서 한국의 구석구석을 보아왔고 많은 태권도 관련 테"
c1_57059-1,서울과 충북 괴산에서 '국제청소년포럼'을 여는 곳은?,한국청소년단체협의회와 여성가족부,doc_0001,4,0.810087,doc_0074,doc_0074_chunk_000,X,"이해찬 국무총리가 26일, 총리취임 이후 처음으로 대구·경북을 찾았다. 이 총리는 이날 대구전시컨벤션센터에서 지역기자들과 간담회를 가진 자리에서 “공공기관 이전이 신행정수도 위헌 결정과 연계돼 늦어지고 있다”며 “2월말께 신행정수도(도시) 특별법이 만들어지면 곧 이어 3월 중에 공공기관 이전을 확정 발표하겠다”고 밝혔다. 그는 또 “180개 정도의 공공기관을 지역 균형발전 원칙에 따라 합리적으로 중복되지 않도록 각 지역에 배정할 것”이라며 “지역 특성과 지방 세입에 미치는 영향분석 등 종합적 판단을 거칠 것”이라고 밝혔다. -최근 대구경북 지역 인구가 줄고 대규모 국책사업이 배정되지 않는 등 차별 조짐이 보이는데. =지역차별은 전혀 없다. 최근 국가사업 중 가장 큰 것이 18조가 투입돼 지난해 4월 개통된 경부고속철도 사업인데 최대 수혜도시가 대구다. 또 안동 임하탬 탁도 개선 사업에 2700억을 투입하기로 최근 결정했다. 인구감소는 부산을 비롯해 수도권을 제외한 전국 공통의 문제로 이를 개선하기 위해 행정도시 건설, 공공기관 이전을 추진하고 있다. -경북도가 낙후된 동해안 개발을 위해 총리실 산하 동해안 개발기획단 설치를 건의했는데. =경북지역 동해안만 아니라 울산·강원지역과 연계해야 하는 사업이어서 설치를 적극 검토하겠다. -대구·경북지역 경제회생을 위한 지원 방안은. =경제력의 50%가 수도권에 집중돼있고 나머지를 13개 시도가"
c1_57059-1,서울과 충북 괴산에서 '국제청소년포럼'을 여는 곳은?,한국청소년단체협의회와 여성가족부,doc_0001,5,0.8098,doc_0125,doc_0125_chunk_000,X,"""전통시장을 살리고 청년 일자리를 늘리기 위해서 가겟세 등을 지원해주는 이른바 &청년점포& 사업이 전국적으로 시행되고 있는데요, 이렇게 지원을 받고도 정작 제대로 운영하지 않는 곳이 적지 않아서 사업 취지가 퇴색되고 있습니다. 조혜진 기자가 보도합니다. [리포트] 불이 꺼진 채 문이 굳게 닫힌 상점. 인근 수제 잼을 판매하는 상점도 마찬가집니다. 전통시장 활성화를 위해 경북 안동시가 지원해 문을 연 &청년점포&들입니다.지난해 총 10곳이 선정돼 1년 동안 임차료를 전액 지원받았고 내년까지는 임대료를 올리지 않기로 했습니다. 초기 시설 비용 등도 일부 지원 받았습니다. 하지만 평일 오후 10개 상점 가운데 문을 연 곳은 세 곳에 불과합니다. [주변 상인 : 장사에 신경을 못 쓰는 집이 있어요. 장사가 워낙 안되니깐 문 닫아 놓고...] 지원을 받아 개업해놓고도 개인 사정 등을 이유로 일찍 문을 닫거나 영업일을 줄인 겁니다.[윤하식/중앙신시장상인회 회장 : 문을 닫고 있으면 옆에 상가들도 많은 피해를 보지 않습니까. 지자체나 도에서나 여러모로 사후 관리...(가 필요합니다.)] 제대로 영업을 하지 않아도 아무런 규정이 없어 규제할 방법은 없습니다.[조명희/안동시 일자리경제과장 : 청년 창업이다 보니깐 조금 문제점이 있고 (추가) 운영을 하면서 문제가 계속되면 우리 기관에서도...(대책을 마련할 계획입니다.)] 애초 사업 취지가 무색한 실"
c1_57060-1,'국제 청소년포럼'이 열리는 때는?,22일부터 28일,doc_0001,1,0.885137,doc_0001,doc_0001_chunk_000,O,"한국청소년단체협의회와 여성가족부는 22일부터 28일까지 서울과 충북 괴산에서 '국제청소년포럼'을 연다고 21일 밝혔다. 한국 미국 캐나다 호주 등 전 세계 32개국 75여명의 대학생, 청소년들이 모여 전 세계적 현안문제에 대한 대안과 해결책을 모색하는 자리다. 이번 포럼의 주제는 '청소년과 뉴미디어'다. 스마트폰 SNS 태블릿PC 등 새로운 커뮤니케이션 매체인 '뉴미디어'에 대한 성찰과 문제점에 대해 토론한다. 기조강연을 시작으로 국가별 주제관련 사례발표, 그룹 토론 및 전체총회, '청소년선언문' 작성 및 채택 등 다양한 프로그램을 운영한다. 개회식은 22일 서울 방화동에 있는 국제청소년센터 국제회의장에서 한다. 전 세계 32개국 대학생ㆍ청소년 참가자와 전국의 청소년기관단체장과 청소년지도자 여성가족부 주한외교사절 등 100여명이 참석할 예정이다. 23일에는 유엔미래포럼 박영숙 대표가 '뉴미디어의 균형 있는 발전을 위한 청소년의 역할'에 대해 기조강연을 한다. 뉴미디어의 올바른 활용방안과 청소년문화의 형성에 대해 설명할 계획이다. 27일 폐회식에서는 '청소년선언문'을 채택한다. 선언문에는 전 세계적으로 뉴미디어의 바람직한 발전을 촉구하며 각국 청년들이 함께 실천할 수 있는 내용 등이 담길 예정이다. 한국청소년단체협의회는 포럼이 끝난 뒤 UN 등 국제기구와 참가자 각국 정부 등 국제사회에 선언문을 전달할 예정이다."
c1_57060-1,'국제 청소년포럼'이 열리는 때는?,22일부터 28일,doc_0001,2,0.81986,doc_0059,doc_0059_chunk_000,X,"[IMG1] 평단 왕양, 남영택 옮김 1만9000원 #케네디 대통령의 아버지인조지프 케네디는 1929년 월스트리트가 붕괴하기 직전에자신의 주식을 모두 팔아치워 위기를 피해갔다.그가 그렇게 할 수 있었던 것은 구두닦이 소년 덕분이었다. 구두닦이 소년은 ""우리도 주식에 투자하면 백만장자가 될 수 있을 거예요""라며 구두를 닦으러 온 조지프에게 흥분해서 떠들었다.경제를 잘 아는 권위자들도 마치 살얼음 위를 걷는 것처럼 투자하고, 그렇게 투자해도 손해를 보지 않고 수익을 거둘지 장담할 수 없는 주식시장. 그 시장에서 구두닦이 소년조차 주식을 안전하고 떼돈을 버는 투자처라고 생각한다면 시장은 이미 과열 단계에 접어들었고 이때야말로 주식 시장을 떠날 시기라고 그는 판단했던 것이다.'환율전쟁'이라는 책을 쓰기도 했던 이 책의 저자 왕양은 독자들에게 묻는다. ""경제 용어를 아는 것만으로 경제 흐름을 읽을 수 있을까."" 이 책에서는 '천하어면'이라는 경제게임의 주인공 겐로쿠를 등장시켜1만 관의 자본을 가지고 어떻게 해야 사업에 성공하고 투자에 성공하는지 독자가 겐로쿠가 되어 그 과정을 터득하는 스토리텔링의 방법을 통해경제를 이야기 하고 있다. 그 과정에서 우리는 각종 경제용어를 배우고 많은 실례를 통해 경제의 흐름을 자연스럽게 익힐 수 있다. 이를 통해 경제를 예측하는 안목을 기를 수 있다는 덤이 이 책의 가장 큰 특징이다 장점이다. 저자 나름의 경제"
c1_57060-1,'국제 청소년포럼'이 열리는 때는?,22일부터 28일,doc_0001,3,0.818916,doc_0121,doc_0121_chunk_001,X,"리고 있어요. 우파도 자기들만의 방식으로 변화를 추구하고 있잖아요."" 이야, 정말 똑똑한 딸들이다. 드디어 아빠가 ""일반적인 대답으로 너희를 만족시킬 수 없을 것 같구나""라며 식은땀을 흘리기 시작했다. 이런 식으로 좌충우돌, 아빠는 설명하고 딸들은 질문하고 반격하면서 1시간 동안 독자들도 좀 더 깊이 좌파 이야기로 들어갈 수 있다. 책의 마지막 즈음에 딸이 하는 질문이 재미있다. ""선생님이 그러시는데 좌파와 우파 개념은 이게 과거의 것이래요. 별 차이가 없다고요."" 마치 우리나라에서도 좌파와 우파를 잘 구분하지 못하거나, 아니면 좌파와 우파를 뛰어넘자고 주장하는 흐름이 프랑스에서도 있나 보다. 이에 대한 아빠의 대답이 이 책의 결론쯤에 해당할 것 같다. 중간중간 질문이 이어진 터라 여러 개로 나뉘어 있던 아빠 베베르의 대답을 요약하면 이런 것이다. ""사회는 많이 변했단다. 좌파와 우파는 한번 정의되면 변하지 않는 고정된 실재가 아니라 변화하는 실재로, 세상이 변함에 따라 스스로 위치를 조절한단다."""
c1_57060-1,'국제 청소년포럼'이 열리는 때는?,22일부터 28일,doc_0001,4,0.818402,doc_0024,doc_0024_chunk_000,X,"말도, 생각도, 행동도 하지 않아야 한다. 숨 쉬는 것 외에는 웬만하면 아무것도 하지 않아야 한다. 그래야 우승할 수 있다. 서울시는 이달 22일 오후 3시부터 6시까지 여의도한강공원 너른들판에서 ‘2018 한강 멍 때리기 대회’를 개최한다고 3일 밝혔다. 올해로 3회째인 대회는 ‘아무것도 하지 않는 것도 가치 있는 행위’라는 알리는 일종의 ‘단체 퍼포먼스’다. 할 게 넘쳐나고 급변하는 세상에서 살아가는 누군가에겐 휴식과 치료의 의미가 있다. 대회의 우승방법은 간단하다. 90분간 ‘멍 때리면’ 된다. 어떤 행동도 생각도 하지 않고 있으면 주최 측이 15분마다 참가자들의 심박 수를 측정해간다. 이를 그래프로 만드는데, 가장 안정적이거나 점진적으로 하향곡선을 나타내면 높은 점수를 받을 수 있다. 여기에 현장 시민 투표가 합산돼 1~3위를 선정한다. 선수는 대회 도중 말을 할 수 없다. 대신 빨간 카드(졸릴 때 마사지 서비스), 파랑 카드(목마를 때 물 서비스), 노랑 카드(더우면 부채질 서비스), 검정 카드(기타 불편사항) 등으로 의사를 전달하면 진행요원이 서비스를 제공한다. 또 멍 때리는 데 실패하면 경기장 밖으로 끌려나간다. 올해 대회에는 150명의 참가자를 선발한다. 이날 낮 12시부터 4일 자정까지 홈페이지(www.spaceoutcompetition.com)와 페이스북(www.facebook.com/INT.spaceout.comp"
c1_57060-1,'국제 청소년포럼'이 열리는 때는?,22일부터 28일,doc_0001,5,0.818,doc_0149,doc_0149_chunk_000,X,"경북 영덕과 전북 김제에 특성화된 청소련수련시설이 들어선다. 여성가족부는 18일 국립영덕청소년해양환경체험센터와 국립김제농업생명청소년수련원 착공식을 가졌다고 밝혔다. 영덕청소년해양환경체험센터는 영덕군 영덕읍 창포리 일원 5만여㎡ 부지에 들어선다. 여성가족부는 내년 말까지 326억원을 투입해 해양자원탐사 조선·항해 해양환경연구 등 다양한 과정을 체험할 수 있도록 할 계획이다. 김제농업생명청소년수련원은 김제시 부량면 용성리에 역시 내년 말까지 건립 예정이다. 253억원을 투입, 3만8000여㎡ 부지에 농업생명공학 농업과학 농업생태환경 등 체험시설을 짓게 된다. 두 특성화 시설은 푸른청소년수련시설이 임대형 민자사업으로 건립한다. 민간투자자가 건립, 20~30년간 시설관리 청소 경비 등을 맡고 여성가족부는 매년 임대료를 지급하는 형태다. 두개 시설이 완공되면 국립청소년수련시설은 모두 5개로 늘어난다. 여성가족부는 현재 강원 평창과 충남 천안, 전남 고흥에 평창청소년수련원 중앙청소년수련원 고흥청소년우주체험센터를 운영 중이다. 백희영 장관은 ""두곳 특성화 수련시설을 통해 청소년들이 해양환경과 농업생명의 소중함을 인식하고 미래 해양자원 개발과 농업기술에 대한 전망을 제시할 수 있을 것""이라고 기대했다."
c1_57061-1,이번 포럼의 주제는?,'청소년과 뉴미디어',doc_0001,1,0.854234,doc_0001,doc_0001_chunk_000,O,"한국청소년단체협의회와 여성가족부는 22일부터 28일까지 서울과 충북 괴산에서 '국제청소년포럼'을 연다고 21일 밝혔다. 한국 미국 캐나다 호주 등 전 세계 32개국 75여명의 대학생, 청소년들이 모여 전 세계적 현안문제에 대한 대안과 해결책을 모색하는 자리다. 이번 포럼의 주제는 '청소년과 뉴미디어'다. 스마트폰 SNS 태블릿PC 등 새로운 커뮤니케이션 매체인 '뉴미디어'에 대한 성찰과 문제점에 대해 토론한다. 기조강연을 시작으로 국가별 주제관련 사례발표, 그룹 토론 및 전체총회, '청소년선언문' 작성 및 채택 등 다양한 프로그램을 운영한다. 개회식은 22일 서울 방화동에 있는 국제청소년센터 국제회의장에서 한다. 전 세계 32개국 대학생ㆍ청소년 참가자와 전국의 청소년기관단체장과 청소년지도자 여성가족부 주한외교사절 등 100여명이 참석할 예정이다. 23일에는 유엔미래포럼 박영숙 대표가 '뉴미디어의 균형 있는 발전을 위한 청소년의 역할'에 대해 기조강연을 한다. 뉴미디어의 올바른 활용방안과 청소년문화의 형성에 대해 설명할 계획이다. 27일 폐회식에서는 '청소년선언문'을 채택한다. 선언문에는 전 세계적으로 뉴미디어의 바람직한 발전을 촉구하며 각국 청년들이 함께 실천할 수 있는 내용 등이 담길 예정이다. 한국청소년단체협의회는 포럼이 끝난 뒤 UN 등 국제기구와 참가자 각국 정부 등 국제사회에 선언문을 전달할 예정이다."
c1_57061-1,이번 포럼의 주제는?,'청소년과 뉴미디어',doc_0001,2,0.830403,doc_0141,doc_0141_chunk_000,X,"""가상 화폐 규제에 반대하는 청와대 국민청원이, 20만 명을 넘어서면서 정부의 공식 답변을 받을 수 있게 됐습니다. 김동연 경제부총리는 어떤 형태로든 합리적 규제가 필요하다며 이른 시일 안에 종합 대책을 발표하겠다고 말했습니다. 송수진 기자의 보도입니다. [리포트] 가상 화폐 규제에 반대하는 청와대 국민청원이 등록 20일 만에 20만 명을 돌파했습니다. 정부가 공식적인 입장을 내놓는 한달 내 20만명 참여 조건을 충족한 겁니다. 청원자들은 타당하지 않은 규제로 경제가 쇠퇴해선 안 된다며 거래소 폐지 반대 입장 등을 올렸습니다. 청와대는 6번째 청원인 전기용품 안전관리법 폐지 청원에 답변하고 가상화폐 규제 반대 청원에도 답할 예정입니다. 가상화폐 관련해 말을 아끼던 문재인 대통령도 대책을 둘러싼 최근 정부 부처 간 혼선 양상을 지적했습니다. 부처간 협의 전에 각 부처의 입장이 먼저 공개돼 엇박자로 비치는 것은 바람직하지 않다는 겁니다.[박수현/청와대 대변인 : 보다 긴밀한 부처 간 협조와 정책결정 과정의 면밀한 관리를 당부하였습니다.] 정부는 가상화폐에 대한 규제 입장을 분명히 했습니다. 김동연 경제부총리는 라디오 프로그램에 출연해 어떤 형태로든 합리적 규제가 필요하다며 거래소 폐쇄도 살아있는 옵션이라고 말했습니다. [김동연/경제부총리/tbs 김어준의 뉴스공장) : 살아있는 옵션이긴 합니다만 해외 입출금 문제 등등 반론도 만만치가 않거"
c1_57061-1,이번 포럼의 주제는?,'청소년과 뉴미디어',doc_0001,3,0.828686,doc_0196,doc_0196_chunk_000,X,"오는 10월 개원하는 ‘경희 후마니타스 암병원’ 준비단장에 정상설 경희의료원 유방외과 교수가 임명됐다. 정 교수는 10월 병원 오픈과 동시에 암 병원장에 취임한다. 2일 경희의료원에 따르면 정 단장은 유방암 분야의 명의로 대한외과학회 이사장, 한국 유방암학회‧대한임상종양학회 초대 이사장, 세계유방암학술대회 대회장, 분당차병원 유방갑상선 암센터장 등 다양한 대내외 활동을 수행했다. 지금까지 약 2000건 이상의 유방암 수술을 집도했고 국내 최초로 암 조직만 절제하는 유방보존술 도입했다. 또 국내 최초로 유방암 환우회를 설립 및 운영, 한국유방암학회에서 활동 당시 핑크리본캠페인을 만드는데 앞장서는 등 암 환자의 삶의 질을 높이고 치유의 희망을 제공하고자 노력해왔다. 정 단장은 “후마니타스 암병원의 미션이 ‘암을 넘어선 삶(Life Beyond Cancer)’이듯 평소에 중요하게 생각해오던 가치 중 하나가 ‘암 수술 후 삶을 풍요롭게’”라며 “평소 품어 온 뜻을 실천하는데 최적의 병원이라고 생각되어 결정했고 암환자를 위한 마지막 봉사라고 생각하는 이번 역할에 온 마음을 다할 것”고 말했다. 암으로 무너진 환자의 인간다움의 회복을 최우선 가치로 삼는 경희 후마니타스 암병원의 건립 공정은 현재 마무리 단계에 접어들었다. 현재 외부 공사는 완료됐고 내부 마감 공사가 진행 중이다. 민태원 기자 twmin@kmib.co.kr"
c1_57061-1,이번 포럼의 주제는?,'청소년과 뉴미디어',doc_0001,4,0.825461,doc_0010,doc_0010_chunk_000,X,"""미국 정부의 철강 관세 부과 움직임과 관련해 우리 정부가 총력 대응하겠다는 뜻을 밝혔습니다. 수출 시장을 넓히기 위해 일본 등 11개 국가가 참여하는 자유무역 협정인 &환태평양경제동반자협정& 가입 여부도 상반기 안에 결정할 방침입니다. 김경진 기자의 보도입니다. [리포트] 김동연 경제부총리는 오늘 열린 대외경제장관회의에서, 미국의 철강 관세 부과 움직임과 관련해 정부가 할 수 있는 모든 것을 다 하겠다는 입장을 다시 강조했습니다. [김동연/경제부총리 : 미국의 관세 부과 조치에 대해서는 정부의 모든 가용 채널을 활용해서 총력 대응해 나갈 계획입니다.] 정부는 한국산 철강의 관세 면제 필요성을 적극 설득하기 위해 므누신 미 재무장관에게 서한을 보냈고, 다음 주 G20 재무장관 회의에서도 이 문제에 대해 협의할 예정입니다. 정부는 또 미국이 보호 무역 정책에 적극적으로 대응하는 동시에 수출 시장은 더 넓히기로 했습니다. 김 부총리는 신북방·신남방 정책을 구체화하고 중동과 중남미 시장도 적극 개척하겠다고 강조했습니다. [김동연/경제부총리 : 보다 근본적으로 우리 경제가 대외 통상 마찰에도 크게 흔들림이 없도록 경제 협력의 지평을 넓히기 위한 최선을 다해 나갈 계획입니다.] 정부는 일본이 주도하는 &환태평양경제동반자협정&, CPTPP가입 여부도 상반기 안에 결정하기로 했습니다. 환태평양경제동반자협정은 일본, 호주, 뉴질랜드, 캐나다 등 1"
c1_57061-1,이번 포럼의 주제는?,'청소년과 뉴미디어',doc_0001,5,0.824417,doc_0168,doc_0168_chunk_001,X,"난해 12월부터 두 차례 한국을 방문하면서 한국의 구석구석을 보아왔고 많은 태권도 관련 테이프와 자료 등을 러시아로 가져가 분석하고 있다며 기대해도 좋을 작품이 나올 것같다고 말했다. 특히 그는 “한국의 음악을 듣고 깊은 감동을 받았는데 한국음악에 한국인의 정서가 잘 녹아있다는 생각이 들었다”면서 “이같이 다양한 자료들을 통해 한국을 배워가고 있다”고 덧붙였다. “한국 방문때 청주를 비롯해 태권도 명인을 찾아가서 시범도 보고 관련 테이프도 많이 모아서 보았다. 나의 임무는 이러한 태권도의 기술적인 면과 나의 새로운 아이디어를 결합시켜 제2의 무언가를 만들어내도록 창조하는 것이라고 생각한다.” “태권도는 신체가 말하고 있는 시라고 생각한다”는 그는 “태권도의 기술적 요소만을 강조하기 보다는 무대와 의상, 안무 등 종합 예술적인 면을 잘 살려 태권도의 예술적인 면을 효과있게 보여주는 작품이 될 것”이라고 설명했다. 그는 5월 초연 이후 작품을 수정보완한 뒤 9월쯤에 다시 한번 재공연하고 꾸준히 수정보완해 완성된 작품을 가지고 에딘버러와 아비뇽 등 세계적이 페스티벌 출전은 물론 브로드웨이 진출까지 목표로 하고 있다고 귀띰했다."
c1_57062-1,포럼은 어떻게 진행되는가?,"기조강연을 시작으로 국가별 주제관련 사례발표, 그룹 토론 및 전체총회, '청소년선언문' 작성 및 채택 등 다양한 프로그램을 운영한다.",doc_0001,1,0.841564,doc_0001,doc_0001_chunk_000,O,"한국청소년단체협의회와 여성가족부는 22일부터 28일까지 서울과 충북 괴산에서 '국제청소년포럼'을 연다고 21일 밝혔다. 한국 미국 캐나다 호주 등 전 세계 32개국 75여명의 대학생, 청소년들이 모여 전 세계적 현안문제에 대한 대안과 해결책을 모색하는 자리다. 이번 포럼의 주제는 '청소년과 뉴미디어'다. 스마트폰 SNS 태블릿PC 등 새로운 커뮤니케이션 매체인 '뉴미디어'에 대한 성찰과 문제점에 대해 토론한다. 기조강연을 시작으로 국가별 주제관련 사례발표, 그룹 토론 및 전체총회, '청소년선언문' 작성 및 채택 등 다양한 프로그램을 운영한다. 개회식은 22일 서울 방화동에 있는 국제청소년센터 국제회의장에서 한다. 전 세계 32개국 대학생ㆍ청소년 참가자와 전국의 청소년기관단체장과 청소년지도자 여성가족부 주한외교사절 등 100여명이 참석할 예정이다. 23일에는 유엔미래포럼 박영숙 대표가 '뉴미디어의 균형 있는 발전을 위한 청소년의 역할'에 대해 기조강연을 한다. 뉴미디어의 올바른 활용방안과 청소년문화의 형성에 대해 설명할 계획이다. 27일 폐회식에서는 '청소년선언문'을 채택한다. 선언문에는 전 세계적으로 뉴미디어의 바람직한 발전을 촉구하며 각국 청년들이 함께 실천할 수 있는 내용 등이 담길 예정이다. 한국청소년단체협의회는 포럼이 끝난 뒤 UN 등 국제기구와 참가자 각국 정부 등 국제사회에 선언문을 전달할 예정이다."
c1_57062-1,포럼은 어떻게 진행되는가?,"기조강연을 시작으로 국가별 주제관련 사례발표, 그룹 토론 및 전체총회, '청소년선언문' 작성 및 채택 등 다양한 프로그램을 운영한다.",doc_0001,2,0.809912,doc_0196,doc_0196_chunk_000,X,"오는 10월 개원하는 ‘경희 후마니타스 암병원’ 준비단장에 정상설 경희의료원 유방외과 교수가 임명됐다. 정 교수는 10월 병원 오픈과 동시에 암 병원장에 취임한다. 2일 경희의료원에 따르면 정 단장은 유방암 분야의 명의로 대한외과학회 이사장, 한국 유방암학회‧대한임상종양학회 초대 이사장, 세계유방암학술대회 대회장, 분당차병원 유방갑상선 암센터장 등 다양한 대내외 활동을 수행했다. 지금까지 약 2000건 이상의 유방암 수술을 집도했고 국내 최초로 암 조직만 절제하는 유방보존술 도입했다. 또 국내 최초로 유방암 환우회를 설립 및 운영, 한국유방암학회에서 활동 당시 핑크리본캠페인을 만드는데 앞장서는 등 암 환자의 삶의 질을 높이고 치유의 희망을 제공하고자 노력해왔다. 정 단장은 “후마니타스 암병원의 미션이 ‘암을 넘어선 삶(Life Beyond Cancer)’이듯 평소에 중요하게 생각해오던 가치 중 하나가 ‘암 수술 후 삶을 풍요롭게’”라며 “평소 품어 온 뜻을 실천하는데 최적의 병원이라고 생각되어 결정했고 암환자를 위한 마지막 봉사라고 생각하는 이번 역할에 온 마음을 다할 것”고 말했다. 암으로 무너진 환자의 인간다움의 회복을 최우선 가치로 삼는 경희 후마니타스 암병원의 건립 공정은 현재 마무리 단계에 접어들었다. 현재 외부 공사는 완료됐고 내부 마감 공사가 진행 중이다. 민태원 기자 twmin@kmib.co.kr"
c1_57062-1,포럼은 어떻게 진행되는가?,"기조강연을 시작으로 국가별 주제관련 사례발표, 그룹 토론 및 전체총회, '청소년선언문' 작성 및 채택 등 다양한 프로그램을 운영한다.",doc_0001,3,0.80545,doc_0101,doc_0101_chunk_000,X,"""스웨덴을 방문 중인 리용호 북한 외무상이 스웨덴 총리와 외교부 장관을 만났습니다. 북미 정상회담을 앞둔 사전 정지작업이라는 분석이 나오고 있습니다. 스톡홀름에서 이민우 특파원이 보도합니다. [리포트] 이른 아침부터 스웨덴 총리를 면담한 뒤 공관을 떠나는 리용호 외무상. [회담은 어떠셨습니까?] 어제저녁(15일) 외교장관 회담에 이어 오늘(16일)은 총리까지 만난 겁니다. 스웨덴 총리는 앞서 이번 북미회담에서 역할론을 밝힌 바 있어 리 외무상이 김정은의 메시지를 전달했을 가능성도 거론됩니다. [발스트롬/스웨덴 외교부 장관 : 우리는 만남을 준비하기 위한 이번 기회를 소중하게 생각합니다. 대화와 정치적 해결을 믿습니다.] 이에 따라 북한과 스웨덴이 북미 정상회담을 위한 사전 신뢰구축 차원에서 북한에 억류된 미국인 3명의 석방 문제를 논의하고 있다는 분석이 나옵니다. 스웨덴이 북한을 방문하는 미국인들의 영사 업무를 대행하고 있고, 대학생 웜비어의 석방에도 관여했었기 때문입니다.이곳 외교가에서는 이용호 외무상의 스웨덴 방문 일정이 이틀에서 나흘로 늘어날 수 있다고 보고 있습니다. 이번 회담의 의제가 확대될 수 있다는 뜻입니다. 일정 확대로 스웨덴에서 북미 간 접촉도 이뤄지는 것 아니냐는 관측이 나오지만, 미국은 이를 부인했습니다. [노어트/미 국무부 대변인 : 자세한 내용은 스웨덴에 물어보셔야 합니다. 우리는 스웨덴에 대표단을 보내지 않았"
c1_57062-1,포럼은 어떻게 진행되는가?,"기조강연을 시작으로 국가별 주제관련 사례발표, 그룹 토론 및 전체총회, '청소년선언문' 작성 및 채택 등 다양한 프로그램을 운영한다.",doc_0001,4,0.801737,doc_0024,doc_0024_chunk_000,X,"말도, 생각도, 행동도 하지 않아야 한다. 숨 쉬는 것 외에는 웬만하면 아무것도 하지 않아야 한다. 그래야 우승할 수 있다. 서울시는 이달 22일 오후 3시부터 6시까지 여의도한강공원 너른들판에서 ‘2018 한강 멍 때리기 대회’를 개최한다고 3일 밝혔다. 올해로 3회째인 대회는 ‘아무것도 하지 않는 것도 가치 있는 행위’라는 알리는 일종의 ‘단체 퍼포먼스’다. 할 게 넘쳐나고 급변하는 세상에서 살아가는 누군가에겐 휴식과 치료의 의미가 있다. 대회의 우승방법은 간단하다. 90분간 ‘멍 때리면’ 된다. 어떤 행동도 생각도 하지 않고 있으면 주최 측이 15분마다 참가자들의 심박 수를 측정해간다. 이를 그래프로 만드는데, 가장 안정적이거나 점진적으로 하향곡선을 나타내면 높은 점수를 받을 수 있다. 여기에 현장 시민 투표가 합산돼 1~3위를 선정한다. 선수는 대회 도중 말을 할 수 없다. 대신 빨간 카드(졸릴 때 마사지 서비스), 파랑 카드(목마를 때 물 서비스), 노랑 카드(더우면 부채질 서비스), 검정 카드(기타 불편사항) 등으로 의사를 전달하면 진행요원이 서비스를 제공한다. 또 멍 때리는 데 실패하면 경기장 밖으로 끌려나간다. 올해 대회에는 150명의 참가자를 선발한다. 이날 낮 12시부터 4일 자정까지 홈페이지(www.spaceoutcompetition.com)와 페이스북(www.facebook.com/INT.spaceout.comp"
c1_57062-1,포럼은 어떻게 진행되는가?,"기조강연을 시작으로 국가별 주제관련 사례발표, 그룹 토론 및 전체총회, '청소년선언문' 작성 및 채택 등 다양한 프로그램을 운영한다.",doc_0001,5,0.801616,doc_0008,doc_0008_chunk_000,X,"""이스라엘에서 최악의 유혈사태가 일어났습니다. 미국 대사관의 예루살렘 이전을 반대하는 팔레스타인 시위대에 이스라엘군이 실탄을 발사해 하룻 동안 60명 이상이 숨지고 2700여명이 다치는 일이 벌어졌습니다. 조빛나 기자가 보도합니다. [리포트] [네타냐후/이스라엘 총리 : 얼마나 영광스러운 날입니까. 이 순간을 잊지 맙시다.] 이스라엘 주재 미국대사관의 예루살렘 이전 행사가 열리는 그 순간, 80킬로미터 떨어진 가자지구 접경에서 팔레스타인들의 격렬한 시위가 벌어졌습니다. 수만 명으로 추산되는 시위대는 돌과 폭발물을 던지고, 타이어를 불태우며 분리 장벽 앞으로 전진했습니다. [모스/팔레스타인 시위대 : 우리는 오늘 평화로운 팔레스타인 청년으로 나와 국경에서 나와서 1948년 팔레스타인 땅을 도둑 맞았다는 메시지를 전했습니다. 우리는 이 땅을 어떤 방법으로든 되찾기 위해 이곳에 왔습니다.] 이스라엘군은 시위대를 향해 무인기와 차량으로 잇달아 최루가스를 발사한데 이어, 실탄까지 발사했습니다. 지금까지 8개월 된 아기 등 팔레스타인인 60여 명이 숨지고 2700여명이 다쳤습니다. 2014년 이스라엘군이 가자지구를 집중 폭격했을때보다 더 많은 사망자가 단 하루에 발생했습니다. [아바스/팔레스타인 자치정부 수반 : 이런 사태는 이스라엘이 우리 민족을 다루는 잔인한 방법을 보여 주는 겁니다. 3일의 애도 기간을 갖고 하루 총파업에 돌입합니다.] 팔"
m5_306705-1,아육대에서 리듬체조에 출전한 구구단의 멤버는?,샐리,doc_0002,1,0.885422,doc_0002,doc_0002_chunk_000,O,"[헤럴드POP=고승아 기자]그룹 구구단 샐리가 리듬체조에서 실수했다.15일 방송된 MBC '설특집 2018 아이돌스타 육상 볼링 양궁 리듬체조 에어로빅 선수권대회(이하 아육대)'에서는 구구단 샐리가 리듬체조 종목에 출전한 모습이 그려졌다.이날 구구단 샐리는 리듬체조 종목에 처음 출전해 훌라후프로 무대를 꾸몄다. 그러나 연기 도중 훌라후프를 받지 못하는 등 실수를 해 안타까움을 자아냈다.응원을 하던 구구단 멤버들도 열심히 연습했던 샐리를 생각해 눈물을 흘렸다.popnews@heraldcorp.com- Copyrights ⓒ 헤럴드POP & heraldpop.com, 무단 전재 및 재배포 금지 -"
m5_306705-1,아육대에서 리듬체조에 출전한 구구단의 멤버는?,샐리,doc_0002,2,0.824215,doc_0057,doc_0057_chunk_001,X,"있는 몸매를 자랑한다. 하지만 그의 잘록한 허리도 감탄을 자아낼 정도. 비키니부터 트레이닝복까지 완벽하게 소화하는 몸매의 소유자다.◆ 신수지신수지는 리듬체조 전 국가대표 출신답게 탄탄하면서도 볼륨감 있는 몸매가 돋보인다. SNS에서 플라잉 요가로 유연한 몸을 뽐내는 것은 물론 부러움을 자아내는 각선미가 눈길을 끈다.◆ 경리경리는 잘록한 허리가 돋보이는 S라인 몸매가 매력적이다. 몸매가 드러나는 의상을 입어도 전혀 굴욕 없는 몸매는 여성들의 워너비다. /kangsj@osen.co.kr[사진] 김준희, 한혜진, 장윤주, 손나은, 제시, 신수지, 경리 인스타그램"
m5_306705-1,아육대에서 리듬체조에 출전한 구구단의 멤버는?,샐리,doc_0002,3,0.814011,doc_0177,doc_0177_chunk_001,X,"상황이 달라졌다. 다른 선수들이 경기를 앞두고 쉬는 시간에 예배를 드려야 했다. ‘신참’ 시절에는 교회에 거의 나가지 못했다. 이후 프로생활과 결혼·임신 등 바쁜 생활 속에서 교회는 점점 멀어져 갔다. 그러다 2010년 딸을 낳고 ‘프로배구 역대 첫 엄마 선수’가 된 지 2년이 지난 2012년, 그는 어머니 손에 끌려 청주 서원경교회(황순환 목사)를 찾았다. 정 선수는 “코트 복귀 후 2년간 부진해 마음고생이 심했는데 그날은 ‘그동안 왜 교회에 나가지 않았을까’ 생각될 만큼 편안했다”고 고백했다. 그 뒤로는 오프시즌 중에는 반드시 교회를 찾아 주일 예배를 드린다. 그에게 힘이 되는 성경 구절은 여호수아 1장 9절이다. 지난달 열린 챔피언결정전에서도 정 선수는 왼쪽 팔목에 ‘Joshua 1:9(수 1:9)’라고 적힌 손목 보호대를 붙이고 경기에 나섰다. 그는 “‘강하고 담대하라’는 구절을 통해 두려움과 떨림을 이겨내자는 생각에서 시작했다”며 “매일 보호대 안쪽에 이 구절을 적고, 보호대 바깥쪽에는 그날마다 하나님께서 내게 주시는 구절을 적어둔다”고 말했다. 가끔 심판들이 찾아와서 “그게 뭐냐”고 물으면 “성경말씀이에요”라고 말하기도 한다. 시즌 중 찾아오는 슬럼프 때는 더 열심히 성경을 읽고 CCM을 들으며 마음을 가다듬는다고 했다. 팀 스케줄상 매주 예배 참석이 어렵기 때문에 정 선수는 자신만의 방식으로 매일 예배를 드린다. 매일 아"
m5_306705-1,아육대에서 리듬체조에 출전한 구구단의 멤버는?,샐리,doc_0002,4,0.813321,doc_0075,doc_0075_chunk_000,X,"지난해 아테네올림픽 때 만리장성을 허문 유승민(삼성생명)의 남자단식 금메달 쾌거 이후 한껏 달아오른 탁구 열기를 타고 실업팀 창단이 줄을 잇고 있다. 실업팀 창단 행렬의 선두 주자는 대전시 시설관리공단. 시설관리공단은 지난 88년부터 92년까지 목원대팀 감독을 지냈던 이용상(46)씨를 사령탑으로 선임하고 중원고 졸업 예정인 `기대주' 여인호와 한국체대 졸업반 김남수, 동산고를 졸업하는 김용오 등 3명의 선수를 영입, 15일 창단식까지 마쳤다. 삼성생명과 KT&G, 농심삼다수, 포스데이타, 거창군청, 상무에 이어 7번째 남자팀으로 등록하는 시설공단은 올 해 각종 전국대회에 선수를 출전시킬 계획. 대전시설관리공단을 필두로 지방 자치단체들의 창단 행진이 이어진다. 수원시청은 경기대와 북수원중학교팀 지도자로 활동해온 최상호(41)씨를 감독으로 선임하고 성균관대 선수로 뛰었던 고은진과 심은경, 한연미 등 3명을 영입, 이달중 여자팀을 발족시킨다. 또 성남시청은 지난 90년대 여자팀 대표로 이름을 날렸던 육선희(34)씨를 플레잉코치로 영입하고 선수 3명을 확보, 조만간 창단식을 갖기로 했다. 이 밖에 여수시청이 80년대 김기택과 한국 남자탁구를 양분했던 김완(45)씨를감독으로 영입하고 이미 2명의 선수를 확보, 출범을 눈앞에 두고 있다. 지난 78년부터 12년간 국가대표로 활약하며 김기택과 복식 콤비를 이룬 `82뉴델리아시안게임 은메달과 `84"
m5_306705-1,아육대에서 리듬체조에 출전한 구구단의 멤버는?,샐리,doc_0002,5,0.81255,doc_0078,doc_0078_chunk_000,X,"임 대변인은 계속 이어지는 일련의 독도 관련 움직임과 관련해 “경제만 있고 정치는 없는, 덩치만 크고 뇌가 없는 공룡이라고 생각한다”며 “특히 새로운 관계를 끌어가야 될 주역인 일본 대사 망언은 외교관 자격이 없다”고 강력히 비판했다. 활빈단, 일본대사 체포조 결성 본국 추방운동 돌입 시민단체들의 반발도 커지고 있다. 활빈단(대표 홍정식, www.hwalbindan.co.kr)은 24일 애국시민단체들과 연대해 일본대사 체포조를 긴급 결성, 본국 추방운동 등 강도높은 반일투쟁에 돌입키로 했다. 활빈단을 중심한 10여명은 이날 오전 9시 중학동 일본대사관 앞에서 망언규탄 시위를 벌였다. 이들은 시위에서 일장기를 찢고, 주한 일본대사의 얼굴 그려진 천을 불태웠다. 이날 오전에는 북파공작원들도 주한 일본대사관 앞에서 주한 일본대사의 독도발언에 항의하며 대사관 진출을 시도하다 경찰과 몸싸움을 벌이기도 했다. 정부, “‘독도의 날’ 조례안 폐기될 때까지 여러 조치 취할 것” 한편, 정부는 일본대사와의 망언과 달리 일본 시마네현이 추진하고 있는 ‘독도의 날’ 제정에 대해 외교적 희생을 감수하더라도 강력히 저지할 뜻을 밝혔다. 23일 논평에서 일본에 대해 ‘독도의 날’ 폐지를 주장한 외교부는 “비록 지방자치 정부라 하더라도 ‘독도의 날’을 정해 놓고 매년 기념식을 하는 행위는 ‘독도가 일본 땅’이라는 망언과는 차원이 다르다”며 “이 문제는 일본 중"
c1_151305-1,중국에서 아파트에서 추락하던 3세 아이를 살리고 자신은 혼수상태에 빠진 사람은 누구야?,보조 교통 경찰로 일하는 천중핑,doc_0003,1,0.912981,doc_0003,doc_0003_chunk_000,O,중국의 한 여성 경찰이 아파트에서 추락하던 3세 아이를 살리고 자신은 혼수상태에 빠졌습니다. 의인(義人)의 소식이 알려지자 각박한 중국 사회에 큰 반향을 일으키고 있습니다. 5일 귀주도시망 등 중국 현지 언론에 따르면 구이저우성 카일리시에 보조 교통 경찰로 일하는 천중핑(49)은 지난달 28일 한 아파트에서 비상 상황이 발생했다는 연락을 받고 현장으로 향했습니다. 도착했을 때 아파트 4층 창문에서 여자 아이가 매달려 있었습니다. 곧이어 아이는 손에 힘이 빠지면서 밑으로 추락했습니다. 천중핑과 다른 세명의 이웃들이 달려갔습니다. 그리고 아이는 바닥이 아니라 천중핑의 팔에 떨어졌습니다. 중간 비막이 천막 때문에 속도가 줄기는 했지만 추락의 충격은 천중핑이 고스란히 감당해야 했습니다. 아이는 즉시 병원으로 옮겨져 치료를 받았습니다. 다리 골절로 그리 심각한 상황은 아니라고 합니다. 하지만 생명의 은인이자 영웅은 커다란 댓가를 치러야 했다. 뇌출혈로 인한 의식불명 상태에 빠진 것이다. 다행히 이틀 간의 코마 상태 이후 의식을 회복해 지난 2일부터 중환자실에서 치료를 받고 있습니다. 아이는 열쇠공이 문을 따는 소리에 겁을 먹고 창문 밖으로 도망을 치려다 사고를 당한 것으로 전해졌습니다. 아이가 잠든 사이 돌보던 아이의 할머니가 쓰레기를 버리러 나갔다가 문이 잠기는 바람에 열쇠공을 불렀던 것입니다. 아이의 엄마는 “천중핑의 도움이 없었다면 아이
c1_151305-1,중국에서 아파트에서 추락하던 3세 아이를 살리고 자신은 혼수상태에 빠진 사람은 누구야?,보조 교통 경찰로 일하는 천중핑,doc_0003,2,0.87104,doc_0003,doc_0003_chunk_001,X,이 잠기는 바람에 열쇠공을 불렀던 것입니다. 아이의 엄마는 “천중핑의 도움이 없었다면 아이는 죽었을 것”이라며 딸을 구해준 천중핑에게 감사의 뜻을 전했습다. 카일리시 정부 대표와 공안부 관계자들도 천중핑이 입원한 병원을 찾아 위로하고 회복될때까지 도움을 아끼지 않겠다고 밝혔습니다. 천중핑의 선행 사실을 접한 중국 기업 알리바바도 ‘중국의 좋은 이웃상’과 함께 상금 1만 위안(약 170만원)을 수여하기로 했습니다. [아직 살만한 세상]은 점점 각박해지는 세상에 희망과 믿음을 주는 이들의 이야기입니다. 힘들고 지칠 때 아직 살만한 세상을 만들어가는 ‘아살세’ 사람들의 목소리를 들어보세요. 따뜻한 세상을 꿈꾸는 독자 여러분의 제보를 기다립니다. 맹경환 기자 khmaeng@kmib.co.kr
c1_151305-1,중국에서 아파트에서 추락하던 3세 아이를 살리고 자신은 혼수상태에 빠진 사람은 누구야?,보조 교통 경찰로 일하는 천중핑,doc_0003,3,0.85998,doc_0174,doc_0174_chunk_000,X,"동.서남아시아의 지진.해일로 인한 한국인 사망자와 실종자 수가 전날에 비해 각각 1명과 2명이 늘어나 1일 모두 9명이 숨지고 11명이 실종된 것으로 집계됐다. 외교통상부는 이날 그동안 태국 푸껫 남단 피피섬에서 실종된 것으로 분류됐던지모(24.여)씨가 사망한 것으로 유가족에 의해 확인됐으며, 고모(41)씨와 이모(31.여)씨가 카오락 지역에서 실종된 것으로 보인다고 밝혔다. 이에 따라 이날 오후 7시 30분 현재 이번 사고로 인한 한국인 피해자는 사망 9명, 실종 11명, 소재 미확인 332명으로 집계됐다. 이날 실종자로 분류된 고씨 등 2명은 `황성옛터', `타향살이' 등의 노래로 익숙한 가수 고(故) 고복수 선생의 아들과 그의 예비신부인 것으로 알려졌으며, 고복수 선생의 장남으로 트로트 가수인 영준씨가 실종신고를 해왔다. 외교부에 따르면 지난 달 19일 푸껫에 입국한 두 사람은 푸껫 관광을 마친 뒤 개별관광을 위해 카오락 지역으로 떠났으나 24∼25일 고씨가 국내 친구와 통화한 이후 연락이 두절됐고, 태국 현지인들이 카오락의 가든비치호텔 인근에서 사체를 발굴하던 중 이들의 여권이 발견됐다. 사망자는 지씨 외에 피피섬에서 숨진 채 발견된 황보모(65.여),윤모(40),임모(20.여), 김모(72.여)씨와 박모(4)군, 푸껫서 사망한 배모(75.여)씨, 푸껫 카오락에서 신혼여행 중 숨진 이모(31.여)씨, 말레이시아 교민 임모(33"
c1_151305-1,중국에서 아파트에서 추락하던 3세 아이를 살리고 자신은 혼수상태에 빠진 사람은 누구야?,보조 교통 경찰로 일하는 천중핑,doc_0003,4,0.851465,doc_0013,doc_0013_chunk_000,X,"8일 오전 7시께 광주시 동구 계림동 85-20 전모(38)씨 집 안방에서 전씨의 딸(12)이 의식을 잃고 쓰러져 있는 것을 가족들이 발견,119에 신고해 구급차로 전남대 병원으로 급히 옮겨졌으나 이미 숨졌다. 전씨에 따르면 전날 저녁 주방 가스레인지위에 식혜가 담긴 그릇을 올려놓고 가스레인지를 켜놓은 채 자신과 아내(33), 12살과 11살의 남매 등 네 가족이 안방에서잠이 들었는데 아침에 일어나 보니 딸이 의식을 잃은 상태여서 신고를 했다. 경찰은 이날 사고가 밀폐된 상태에서 장시간 가스레인지를 켜놓아 산소부족으로일어난 것이 아닌가 보고 정확한 사인을 조사중이다."
c1_151305-1,중국에서 아파트에서 추락하던 3세 아이를 살리고 자신은 혼수상태에 빠진 사람은 누구야?,보조 교통 경찰로 일하는 천중핑,doc_0003,5,0.846003,doc_0192,doc_0192_chunk_000,X,"""밤사이 교통 사고가 잇따랐습니다. 경부고속도로에서 차량 4대가 부딪혀 사상자 10명이 발생했고, 서울 송파구에서도 4중 추돌 사고가 났습니다. 용산구의 한 음식점에서는 한밤중 화재로 대피 소동이 벌어졌습니다. 황경주 기자입니다. [리포트] 차량 전체가 찌그러지고 유리도 깨졌습니다. 또 다른 승용차도 앞부분이 부서졌습니다. 오늘 새벽 12시 반쯤 충청북도 청주시 경부고속도로 하행선 남이분기점 인근에서 승용차 4대가 잇따라 부딪혀 2명이 숨지고 8명이 다쳤습니다. 경찰은 정확한 사고 경위를 조사하고 있습니다. 어젯밤 10시 반쯤 서울 송파구의 한 도로에서는 강 모 씨가 몰던 트럭이 좌회전 신호를 기다리던 차량 4대를 잇달아 들이받았습니다. 강 씨는 머리를 다쳐 병원으로 옮겨졌고, 경찰은 강 씨의 혈중알콜농도를 측정하는 등 사고 경위를 조사하고 있습니다. 어젯밤 11시 50분쯤에는 서울 용산구의 한 음식점에서 튀김 기계가 가열돼 불이 나 50분 만에 꺼졌습니다. 이 불로 건물 내부에 있던 점원 등이 대피했고, 냉장고 등이 불에 타 소방서 추산 630만 원의 재산피해가 났습니다. 어제 저녁 7시쯤 경기도 고양시의 한 도로에서는 중앙선을 넘은 트럭이 마주 오던 탑차와 충돌하면서 운전자 2명 모두 의식을 잃고 병원으로 옮겨졌습니다. 경찰은 졸음운전 여부를 포함해 정확한 사고 경위를 조사 중입니다. KBS 뉴스 황경주입니다."""
c1_151306-1,천중핑씨가 추락하는 아이를 구하고 뇌출혈로 인한 의식불명 상태에 빠진건 언제야?,지난달 28일,doc_0003,1,0.908031,doc_0003,doc_0003_chunk_000,O,중국의 한 여성 경찰이 아파트에서 추락하던 3세 아이를 살리고 자신은 혼수상태에 빠졌습니다. 의인(義人)의 소식이 알려지자 각박한 중국 사회에 큰 반향을 일으키고 있습니다. 5일 귀주도시망 등 중국 현지 언론에 따르면 구이저우성 카일리시에 보조 교통 경찰로 일하는 천중핑(49)은 지난달 28일 한 아파트에서 비상 상황이 발생했다는 연락을 받고 현장으로 향했습니다. 도착했을 때 아파트 4층 창문에서 여자 아이가 매달려 있었습니다. 곧이어 아이는 손에 힘이 빠지면서 밑으로 추락했습니다. 천중핑과 다른 세명의 이웃들이 달려갔습니다. 그리고 아이는 바닥이 아니라 천중핑의 팔에 떨어졌습니다. 중간 비막이 천막 때문에 속도가 줄기는 했지만 추락의 충격은 천중핑이 고스란히 감당해야 했습니다. 아이는 즉시 병원으로 옮겨져 치료를 받았습니다. 다리 골절로 그리 심각한 상황은 아니라고 합니다. 하지만 생명의 은인이자 영웅은 커다란 댓가를 치러야 했다. 뇌출혈로 인한 의식불명 상태에 빠진 것이다. 다행히 이틀 간의 코마 상태 이후 의식을 회복해 지난 2일부터 중환자실에서 치료를 받고 있습니다. 아이는 열쇠공이 문을 따는 소리에 겁을 먹고 창문 밖으로 도망을 치려다 사고를 당한 것으로 전해졌습니다. 아이가 잠든 사이 돌보던 아이의 할머니가 쓰레기를 버리러 나갔다가 문이 잠기는 바람에 열쇠공을 불렀던 것입니다. 아이의 엄마는 “천중핑의 도움이 없었다면 아이
c1_151306-1,천중핑씨가 추락하는 아이를 구하고 뇌출혈로 인한 의식불명 상태에 빠진건 언제야?,지난달 28일,doc_0003,2,0.881519,doc_0003,doc_0003_chunk_001,X,이 잠기는 바람에 열쇠공을 불렀던 것입니다. 아이의 엄마는 “천중핑의 도움이 없었다면 아이는 죽었을 것”이라며 딸을 구해준 천중핑에게 감사의 뜻을 전했습다. 카일리시 정부 대표와 공안부 관계자들도 천중핑이 입원한 병원을 찾아 위로하고 회복될때까지 도움을 아끼지 않겠다고 밝혔습니다. 천중핑의 선행 사실을 접한 중국 기업 알리바바도 ‘중국의 좋은 이웃상’과 함께 상금 1만 위안(약 170만원)을 수여하기로 했습니다. [아직 살만한 세상]은 점점 각박해지는 세상에 희망과 믿음을 주는 이들의 이야기입니다. 힘들고 지칠 때 아직 살만한 세상을 만들어가는 ‘아살세’ 사람들의 목소리를 들어보세요. 따뜻한 세상을 꿈꾸는 독자 여러분의 제보를 기다립니다. 맹경환 기자 khmaeng@kmib.co.kr
c1_151306-1,천중핑씨가 추락하는 아이를 구하고 뇌출혈로 인한 의식불명 상태에 빠진건 언제야?,지난달 28일,doc_0003,3,0.848297,doc_0013,doc_0013_chunk_000,X,"8일 오전 7시께 광주시 동구 계림동 85-20 전모(38)씨 집 안방에서 전씨의 딸(12)이 의식을 잃고 쓰러져 있는 것을 가족들이 발견,119에 신고해 구급차로 전남대 병원으로 급히 옮겨졌으나 이미 숨졌다. 전씨에 따르면 전날 저녁 주방 가스레인지위에 식혜가 담긴 그릇을 올려놓고 가스레인지를 켜놓은 채 자신과 아내(33), 12살과 11살의 남매 등 네 가족이 안방에서잠이 들었는데 아침에 일어나 보니 딸이 의식을 잃은 상태여서 신고를 했다. 경찰은 이날 사고가 밀폐된 상태에서 장시간 가스레인지를 켜놓아 산소부족으로일어난 것이 아닌가 보고 정확한 사인을 조사중이다."
c1_151306-1,천중핑씨가 추락하는 아이를 구하고 뇌출혈로 인한 의식불명 상태에 빠진건 언제야?,지난달 28일,doc_0003,4,0.84788,doc_0108,doc_0108_chunk_000,X,"""국방부가 지난해 10월 한 여군 중위의 자살이 상관의 가혹행위 등에 따른 것이라며 순직 결정을 내렸는데요. 최근 항소를 통해 해당 여군이 개인적인 이유로 스스로 목숨을 끊었다며 다시 여군에게 책임을 돌린 것으로 드러났습니다. 어찌된 사연인지 김영은 기자의 단독 보도입니다. [리포트] 2010년 3월 부대 근처 야산에서 스스로 목숨을 끊었던 여군 심 중위. 심 중위는 자살 7개월 전 사병과 사적으로 만나 성 군기를 위반했다는 이유로 특별 관리 대상이 됐습니다. [김○○/故 심 중위 어머니 : 화장실을 가니까 피를 뿌려놨더래요. 사병하고 화장실에서 무슨 관계를 가졌다, 막 그러는 거예요.] 심 중위가 성관계를 가졌냐며 수시로 추궁하는 등 대대장이 과도하게 사생활을 침해한다고 심 중위는 호소했습니다.[김○○/故 심 중위 어머니 : 시내가면 시내간다고 전화하고, (심 중위가) 제 동생 집에 갔었어요. (대대장이) 진짜 이모 집인지 전화 끊어보라고 하더래요. 그래서 제부가 (전화를) 받았대요.] 국방부는 결국 지난해 10월 심 중위의 자살에 군의 책임 인정된다며 순직으로 인정했고, 올해 초 법원도 국가의 책임을 인정해 1억 5천만 원을 유족에게 배상하라고 선고했습니다. 그런데 지난 2월 군이 항소했습니다. 항소이유서에서 군은 심 중위가 연애사에 문제가 있었고 이혼 가정 출신에 자괴감을 경험한 인물이라며, 자살 원인은 심 중위 본인에게 있다고"
c1_151306-1,천중핑씨가 추락하는 아이를 구하고 뇌출혈로 인한 의식불명 상태에 빠진건 언제야?,지난달 28일,doc_0003,5,0.840934,doc_0182,doc_0182_chunk_000,X,"새로운 주의력결핍 과잉행동장애 치료법 개발의 가능성이 열렸다. 한국과학기술원(KAIST·카이스트) 생명과학과 김은준·강창원 교수 공동연구팀이 주의력결핍 과잉행동장애(ADHD)가 뇌의 신경 시냅스 단백질(GIT1)이 부족해서 발생한다는 것을 세계 최초로 밝혔다. ADHD는 주의가 산만하고 지나친 행동을 하면서 충동적 성향을 보이는 성장기 아동의 뇌 발달 장애이며 전 세계 취학아동의 5% 정도가 겪고 있다. 연구팀은 유전역학 연구를 통해 GIT1 유전자의 염기 한 개가 달라, 이 단백질이 적게 만들어지는 아동들에서 발병 빈도가 높다는 것을 발견했다. 또 생쥐 실험에서 GIT1의 유전자를 제거해 이 단백질을 합성하지 못하게 해도 ADHD 증상을 보인다는 것을 동물행동 분석과 신경과학 실험을 통해 밝혀 인과관계를 확인했다. GIT1 결핍 생쥐들이 사람의 ADHD처럼 과잉행동을 보이고, 학습능력이 떨어지며 비정상적인 뇌파를 내는 것이 확인됐다. 또 이런 생쥐에 ADHD 치료약을 투여하면 증상이 사라지는 것도 확인됐다. ADHD 아동이 성인이 되면 과잉행동이 없어지는데, GIT1 결핍 생쥐도 2개월째에는 보이던 과잉행동이 7개월(사람의 20-30세에 해당)이 되면 사라지는 것을 확인했다. KAIST 생명과학과 김은준 교수는 ""신경세포를 흥분시키는 기작과 진정시키는 기작이 균형을 이뤄야 하는데, GIT1이 부족하면 진정 기작이 취약해서 과잉행동을"
c1_151307-1,천중핑씨가 보조 교통 경찰로 일하는 곳은 어디야?,구이저우성 카일리시,doc_0003,1,0.856033,doc_0003,doc_0003_chunk_000,O,중국의 한 여성 경찰이 아파트에서 추락하던 3세 아이를 살리고 자신은 혼수상태에 빠졌습니다. 의인(義人)의 소식이 알려지자 각박한 중국 사회에 큰 반향을 일으키고 있습니다. 5일 귀주도시망 등 중국 현지 언론에 따르면 구이저우성 카일리시에 보조 교통 경찰로 일하는 천중핑(49)은 지난달 28일 한 아파트에서 비상 상황이 발생했다는 연락을 받고 현장으로 향했습니다. 도착했을 때 아파트 4층 창문에서 여자 아이가 매달려 있었습니다. 곧이어 아이는 손에 힘이 빠지면서 밑으로 추락했습니다. 천중핑과 다른 세명의 이웃들이 달려갔습니다. 그리고 아이는 바닥이 아니라 천중핑의 팔에 떨어졌습니다. 중간 비막이 천막 때문에 속도가 줄기는 했지만 추락의 충격은 천중핑이 고스란히 감당해야 했습니다. 아이는 즉시 병원으로 옮겨져 치료를 받았습니다. 다리 골절로 그리 심각한 상황은 아니라고 합니다. 하지만 생명의 은인이자 영웅은 커다란 댓가를 치러야 했다. 뇌출혈로 인한 의식불명 상태에 빠진 것이다. 다행히 이틀 간의 코마 상태 이후 의식을 회복해 지난 2일부터 중환자실에서 치료를 받고 있습니다. 아이는 열쇠공이 문을 따는 소리에 겁을 먹고 창문 밖으로 도망을 치려다 사고를 당한 것으로 전해졌습니다. 아이가 잠든 사이 돌보던 아이의 할머니가 쓰레기를 버리러 나갔다가 문이 잠기는 바람에 열쇠공을 불렀던 것입니다. 아이의 엄마는 “천중핑의 도움이 없었다면 아이
c1_151307-1,천중핑씨가 보조 교통 경찰로 일하는 곳은 어디야?,구이저우성 카일리시,doc_0003,2,0.837609,doc_0003,doc_0003_chunk_001,X,이 잠기는 바람에 열쇠공을 불렀던 것입니다. 아이의 엄마는 “천중핑의 도움이 없었다면 아이는 죽었을 것”이라며 딸을 구해준 천중핑에게 감사의 뜻을 전했습다. 카일리시 정부 대표와 공안부 관계자들도 천중핑이 입원한 병원을 찾아 위로하고 회복될때까지 도움을 아끼지 않겠다고 밝혔습니다. 천중핑의 선행 사실을 접한 중국 기업 알리바바도 ‘중국의 좋은 이웃상’과 함께 상금 1만 위안(약 170만원)을 수여하기로 했습니다. [아직 살만한 세상]은 점점 각박해지는 세상에 희망과 믿음을 주는 이들의 이야기입니다. 힘들고 지칠 때 아직 살만한 세상을 만들어가는 ‘아살세’ 사람들의 목소리를 들어보세요. 따뜻한 세상을 꿈꾸는 독자 여러분의 제보를 기다립니다. 맹경환 기자 khmaeng@kmib.co.kr
c1_151307-1,천중핑씨가 보조 교통 경찰로 일하는 곳은 어디야?,구이저우성 카일리시,doc_0003,3,0.828641,doc_0154,doc_0154_chunk_000,X,"탁신 치나왓 태국 총리는 11일 푸미폰 아둔야뎃 국왕의 재가를 얻어 새 내각을 출범시켰다. 탁신 총리는 새 내각의 외무장관에 무역대표를 지낸 칸타티르 수파몽콘을 임명하는 한편 재무장관에는 솜킷 자투스리피탁 부총리를 겸임토록 했다고 TNA통신이 보도했다. 또 차기 유엔 사무총장을 노리는 수라키앗 사티라타이 전 외무장관은 부총리로 영전됐고 국방장관에는 탐마락 잇사랑구라 퇴역 장군이 임명됐다. 탁신 총리의 신임이 두터운 수다랏 케유라판(여) 전 보건장관은 농업장관으로 자리를 옮겼으며 한때 경질설이 나돈 아디사이 보다라믹 교육장관은 유임됐다. 하원의장으로 선출된 포킨 파나쿤 전 내무장관 후임에는 경찰 출신 칫차이 와나사팃야 전 마약통제청장이 임명됐다. 칫차이 내무장관은 부총리직도 겸임한다. 전국 조류독감 퇴치 위원회 위원장을 맡고 있는 차투론 차이생 부총리와 위사누크르어응암,피닛 자루솜밧 부총리 등은 유임됐다. ◇태국 새 내각 주요 각료 명단 △외무 = 칸타티르 수파몽콘 △내무 = 칫차이 와나사팃야 △재무 = 솜킷 자투스리피탁(부총리 겸임) △상무 = 타농 비다야 △국방 = 탐마락 잇사랑구라 △교육= 아디사이 보다라믹 △농업 = 수다랏 케유라판 △에너지 = 위셋 촙피반 △관광ㆍ스포츠 = 솜삭 텝수틴 △정보통신기술 = 수윗 쿤킷티 △보건 = 수차이 차런랏타나쿤"
c1_151307-1,천중핑씨가 보조 교통 경찰로 일하는 곳은 어디야?,구이저우성 카일리시,doc_0003,4,0.827409,doc_0026,doc_0026_chunk_001,X,"“실무자에게 소통에 지장을 주는 게 그것 뿐이냐며, 문화적 효용을 고려해 재검토하라고 지시했다”고 말했다. 경찰은 일사천리로 사업을 추진해 한달여만인 9월1일 동십자각에 건널목이 생겼다. 이 사이 유홍준씨는 문화재청장에 내정돼, 건널목이 생긴 날 임명됐다. 허 청장은 “유 청장이 임명된 뒤 감사하다며 전화를 걸어왔다”며 “조금만 더 건널목이 늦게 설치됐다면 문화재청장의 1호 업적이 됐을 것이라고 농담을 하던 기억이 난다”고 말하며 웃었다. 종로경찰서 관계자는 “건널목이 생긴 뒤에도 교통 흐름은 원활하다”며 “시민들의 반응이 좋다”고 말했다."
c1_151307-1,천중핑씨가 보조 교통 경찰로 일하는 곳은 어디야?,구이저우성 카일리시,doc_0003,5,0.823644,doc_0192,doc_0192_chunk_000,X,"""밤사이 교통 사고가 잇따랐습니다. 경부고속도로에서 차량 4대가 부딪혀 사상자 10명이 발생했고, 서울 송파구에서도 4중 추돌 사고가 났습니다. 용산구의 한 음식점에서는 한밤중 화재로 대피 소동이 벌어졌습니다. 황경주 기자입니다. [리포트] 차량 전체가 찌그러지고 유리도 깨졌습니다. 또 다른 승용차도 앞부분이 부서졌습니다. 오늘 새벽 12시 반쯤 충청북도 청주시 경부고속도로 하행선 남이분기점 인근에서 승용차 4대가 잇따라 부딪혀 2명이 숨지고 8명이 다쳤습니다. 경찰은 정확한 사고 경위를 조사하고 있습니다. 어젯밤 10시 반쯤 서울 송파구의 한 도로에서는 강 모 씨가 몰던 트럭이 좌회전 신호를 기다리던 차량 4대를 잇달아 들이받았습니다. 강 씨는 머리를 다쳐 병원으로 옮겨졌고, 경찰은 강 씨의 혈중알콜농도를 측정하는 등 사고 경위를 조사하고 있습니다. 어젯밤 11시 50분쯤에는 서울 용산구의 한 음식점에서 튀김 기계가 가열돼 불이 나 50분 만에 꺼졌습니다. 이 불로 건물 내부에 있던 점원 등이 대피했고, 냉장고 등이 불에 타 소방서 추산 630만 원의 재산피해가 났습니다. 어제 저녁 7시쯤 경기도 고양시의 한 도로에서는 중앙선을 넘은 트럭이 마주 오던 탑차와 충돌하면서 운전자 2명 모두 의식을 잃고 병원으로 옮겨졌습니다. 경찰은 졸음운전 여부를 포함해 정확한 사고 경위를 조사 중입니다. KBS 뉴스 황경주입니다."""
c1_151308-1,천중핑의 선행 사실을 접한 중국 기업 알리바바는 무엇을 하기로 했어?,‘중국의 좋은 이웃상’과 함께 상금 1만 위안(약 170만원)을 수여,doc_0003,1,0.877689,doc_0003,doc_0003_chunk_001,O,이 잠기는 바람에 열쇠공을 불렀던 것입니다. 아이의 엄마는 “천중핑의 도움이 없었다면 아이는 죽었을 것”이라며 딸을 구해준 천중핑에게 감사의 뜻을 전했습다. 카일리시 정부 대표와 공안부 관계자들도 천중핑이 입원한 병원을 찾아 위로하고 회복될때까지 도움을 아끼지 않겠다고 밝혔습니다. 천중핑의 선행 사실을 접한 중국 기업 알리바바도 ‘중국의 좋은 이웃상’과 함께 상금 1만 위안(약 170만원)을 수여하기로 했습니다. [아직 살만한 세상]은 점점 각박해지는 세상에 희망과 믿음을 주는 이들의 이야기입니다. 힘들고 지칠 때 아직 살만한 세상을 만들어가는 ‘아살세’ 사람들의 목소리를 들어보세요. 따뜻한 세상을 꿈꾸는 독자 여러분의 제보를 기다립니다. 맹경환 기자 khmaeng@kmib.co.kr
c1_151308-1,천중핑의 선행 사실을 접한 중국 기업 알리바바는 무엇을 하기로 했어?,‘중국의 좋은 이웃상’과 함께 상금 1만 위안(약 170만원)을 수여,doc_0003,2,0.833106,doc_0003,doc_0003_chunk_000,X,중국의 한 여성 경찰이 아파트에서 추락하던 3세 아이를 살리고 자신은 혼수상태에 빠졌습니다. 의인(義人)의 소식이 알려지자 각박한 중국 사회에 큰 반향을 일으키고 있습니다. 5일 귀주도시망 등 중국 현지 언론에 따르면 구이저우성 카일리시에 보조 교통 경찰로 일하는 천중핑(49)은 지난달 28일 한 아파트에서 비상 상황이 발생했다는 연락을 받고 현장으로 향했습니다. 도착했을 때 아파트 4층 창문에서 여자 아이가 매달려 있었습니다. 곧이어 아이는 손에 힘이 빠지면서 밑으로 추락했습니다. 천중핑과 다른 세명의 이웃들이 달려갔습니다. 그리고 아이는 바닥이 아니라 천중핑의 팔에 떨어졌습니다. 중간 비막이 천막 때문에 속도가 줄기는 했지만 추락의 충격은 천중핑이 고스란히 감당해야 했습니다. 아이는 즉시 병원으로 옮겨져 치료를 받았습니다. 다리 골절로 그리 심각한 상황은 아니라고 합니다. 하지만 생명의 은인이자 영웅은 커다란 댓가를 치러야 했다. 뇌출혈로 인한 의식불명 상태에 빠진 것이다. 다행히 이틀 간의 코마 상태 이후 의식을 회복해 지난 2일부터 중환자실에서 치료를 받고 있습니다. 아이는 열쇠공이 문을 따는 소리에 겁을 먹고 창문 밖으로 도망을 치려다 사고를 당한 것으로 전해졌습니다. 아이가 잠든 사이 돌보던 아이의 할머니가 쓰레기를 버리러 나갔다가 문이 잠기는 바람에 열쇠공을 불렀던 것입니다. 아이의 엄마는 “천중핑의 도움이 없었다면 아이
c1_151308-1,천중핑의 선행 사실을 접한 중국 기업 알리바바는 무엇을 하기로 했어?,‘중국의 좋은 이웃상’과 함께 상금 1만 위안(약 170만원)을 수여,doc_0003,3,0.823607,doc_0112,doc_0112_chunk_000,X,"지율스님이 매번 청와대 근처에서 단식농성을 하는 건 바로 이 약속을 지키라는묵언의 시위인 셈이다. 곽결호 환경부 장관의 약속 위반도 마찬가지 이유에서 그의비난을 받았다. ◆해결책 없나= 현재로선 지율스님의 생명을 살리면서 합리적인 해결책을 찾을수 있는 가능성은 그리 크지 않은게 사실이다. 지율스님은 ‘3개월 발파공사 중지 및 환경영향 공동 조사’라는 제의를 해놓고정부 답변을 기다리던 지난달 20일 와 만나 “나로서는 물러설만큼 물러섰다. 정부가 받아들이지 않는다면 답답한 건 내가 아니라 정부다”라고 말했다. 이는 기존의 ‘선조사, 후공사’ 요구와 비교할 때 사실상 ‘공사 중지 요구’는 포기한 것이나 마찬가지라는게 측근들의 설명이다. 해결책을 찾는다면 ‘환경영향 공동 조사와 이를 위한 공사 일정 조정’ 정도에서찾아야 했는데 정부가 “일개인 때문에 국책사업을 자꾸만 중단한다는게 말이 되느냐”는 여론을 의식, 공동 조사마저 거부하는 바람에 사태가 악화될 대로 악화됐다는것. 한나라당과 민주노동당 등 야당 의원들이 ‘환경영향평가 재실시’ 결의안 상정등을 약속하고 있는 것은 이 점을 의식한 행동으로 풀이된다. 하지만 정부가 이를 받아들일 가능성이 적은데다 100일을 앞둔 시점이어서 이미늦은게 아니냐는 관측마저 나오고 있다. 지율스님측 이동준 변호사는 최근 “나를 비롯해서 스님과 가까운 이들도 스님을만날 때마다 단식을 풀라고 간곡히 부탁했지만 소"
c1_151308-1,천중핑의 선행 사실을 접한 중국 기업 알리바바는 무엇을 하기로 했어?,‘중국의 좋은 이웃상’과 함께 상금 1만 위안(약 170만원)을 수여,doc_0003,4,0.81569,doc_0063,doc_0063_chunk_000,X,"극심한 구인난을 겪고 있는 일본 기업들에는 어렵게 뽑은 인력이 잠깐 일하다 그만두고 다른 회사로 가버리는 것이 큰 고민거리다. 6일 NHK방송은 신입사원의 이직을 막으려는 기업들의 아이디어를 소개했다. 운송업체 로지퀘스트의 채용 담당자는 인력이 부족하다고 무턱대고 사람을 뽑기보다는 회사 분위기(사풍)에 맞는 사람을 채용해야 금방 그만두지 않을 것으로 판단했다. 그래서 벤처회사가 개발한 새로운 채용 시스템을 도입했다. 일반적인 적성검사처럼 질문을 통해 개인의 성격과 가치관을 판정하는 시스템인데, 가장 큰 특징은 구직자뿐 아니라 기존 사원들에게도 똑같은 질문을 던진다는 점이다. 기존 사원들의 답변을 토대로 사풍을 도출한 뒤 구직자 각각의 성향이 사풍과 얼마나 맞는지를 측정한다. 이 매칭도가 50% 이하로 나오면 채용하지 않는다. 채용 담당자는 이 시스템 도입 전까지 30%에 달하던 신입사원들의 1년 내 이직률이 절반 정도로 낮아졌다고 밝혔다. 정보기술(IT) 업체 엔재팬은 신입사원 채용 후 세심한 관리로 이직 리스크를 낮추는 서비스를 내놨다. 기업체가 이 서비스를 채택하면 매월 1회 신입사원 스마트폰으로 “입사 전과 비교해 회사 이미지의 차이가 있나” “업무에 익숙해졌나” 같은 식의 질문 3개를 보낸다. 신입사원은 웃는 얼굴이나 실망한 얼굴 모양의 이모티콘을 눌러 답변한다. 매월 바뀌는 질문에 대한 답변을 분석해 응답자의 이직 위험도를"
c1_151308-1,천중핑의 선행 사실을 접한 중국 기업 알리바바는 무엇을 하기로 했어?,‘중국의 좋은 이웃상’과 함께 상금 1만 위안(약 170만원)을 수여,doc_0003,5,0.815219,doc_0085,doc_0085_chunk_000,X,"미국이 대북제재를 위한 유엔 안전보장이사회(안보리) 블랙리스트 강화에 나섰지만 중국이 입장 표명을 지연하고 있다고 로이터통신이 3일 보도했다. 미국은 지난달 23일 “원유를 얻고 석탄을 팔려는 북한의 불법 해상 밀수를 차단하기 위한 것”이라며 선박 33척과 선박회사 27곳, 대만 남성 1명을 블랙리스트로 지정해 달라고 안보리에 요청했다. 하지만 중국은 미국의 요청을 뚜렷한 이유 표명 없이 보류하고 있다. 보류는 안보리 이사국이 추가 정보를 요구할 경우 사용할 수 있지만 요청을 영구적으로 차단시킬 목적으로 사용되기도 한다. 안보리 제재 결정은 중국과 러시아를 포함한 상임이사국이 만장일치로 찬성해야 이뤄진다. 미국의 요청이 통과되면 북한 선박 19척을 포함한 선박 33척은 국제항에 입항할 수 없다. 선박회사 27곳과 대만 남성 1명은 자산 동결 대상이 된다. 한편 미국은 지난해 12월에도 대북제재를 위반한 것으로 의심되는 선박 10척에 대해 안보리 제재를 요구했지만, 중국의 반대 등으로 최종 4척만 블랙리스트에 올랐다. 박세원 기자 sewonpark@kmib.co.kr"
c1_151309-1,천중핑씨의 상태는 어때?,이틀 간의 코마 상태 이후 의식을 회복해 지난 2일부터 중환자실에서 치료를 받고 있습니다,doc_0003,1,0.87127,doc_0003,doc_0003_chunk_000,O,중국의 한 여성 경찰이 아파트에서 추락하던 3세 아이를 살리고 자신은 혼수상태에 빠졌습니다. 의인(義人)의 소식이 알려지자 각박한 중국 사회에 큰 반향을 일으키고 있습니다. 5일 귀주도시망 등 중국 현지 언론에 따르면 구이저우성 카일리시에 보조 교통 경찰로 일하는 천중핑(49)은 지난달 28일 한 아파트에서 비상 상황이 발생했다는 연락을 받고 현장으로 향했습니다. 도착했을 때 아파트 4층 창문에서 여자 아이가 매달려 있었습니다. 곧이어 아이는 손에 힘이 빠지면서 밑으로 추락했습니다. 천중핑과 다른 세명의 이웃들이 달려갔습니다. 그리고 아이는 바닥이 아니라 천중핑의 팔에 떨어졌습니다. 중간 비막이 천막 때문에 속도가 줄기는 했지만 추락의 충격은 천중핑이 고스란히 감당해야 했습니다. 아이는 즉시 병원으로 옮겨져 치료를 받았습니다. 다리 골절로 그리 심각한 상황은 아니라고 합니다. 하지만 생명의 은인이자 영웅은 커다란 댓가를 치러야 했다. 뇌출혈로 인한 의식불명 상태에 빠진 것이다. 다행히 이틀 간의 코마 상태 이후 의식을 회복해 지난 2일부터 중환자실에서 치료를 받고 있습니다. 아이는 열쇠공이 문을 따는 소리에 겁을 먹고 창문 밖으로 도망을 치려다 사고를 당한 것으로 전해졌습니다. 아이가 잠든 사이 돌보던 아이의 할머니가 쓰레기를 버리러 나갔다가 문이 잠기는 바람에 열쇠공을 불렀던 것입니다. 아이의 엄마는 “천중핑의 도움이 없었다면 아이
c1_151309-1,천중핑씨의 상태는 어때?,이틀 간의 코마 상태 이후 의식을 회복해 지난 2일부터 중환자실에서 치료를 받고 있습니다,doc_0003,2,0.852823,doc_0003,doc_0003_chunk_001,X,이 잠기는 바람에 열쇠공을 불렀던 것입니다. 아이의 엄마는 “천중핑의 도움이 없었다면 아이는 죽었을 것”이라며 딸을 구해준 천중핑에게 감사의 뜻을 전했습다. 카일리시 정부 대표와 공안부 관계자들도 천중핑이 입원한 병원을 찾아 위로하고 회복될때까지 도움을 아끼지 않겠다고 밝혔습니다. 천중핑의 선행 사실을 접한 중국 기업 알리바바도 ‘중국의 좋은 이웃상’과 함께 상금 1만 위안(약 170만원)을 수여하기로 했습니다. [아직 살만한 세상]은 점점 각박해지는 세상에 희망과 믿음을 주는 이들의 이야기입니다. 힘들고 지칠 때 아직 살만한 세상을 만들어가는 ‘아살세’ 사람들의 목소리를 들어보세요. 따뜻한 세상을 꿈꾸는 독자 여러분의 제보를 기다립니다. 맹경환 기자 khmaeng@kmib.co.kr
c1_151309-1,천중핑씨의 상태는 어때?,이틀 간의 코마 상태 이후 의식을 회복해 지난 2일부터 중환자실에서 치료를 받고 있습니다,doc_0003,3,0.823676,doc_0176,doc_0176_chunk_000,X,"""중국 최대의 정치행사인 양회가 내일(3일) 시작됩니다. 이번에 중국 국가 주석의 임기제한을 폐지하는 헌법 개정이 예상돼 중국 안팎에서 여러 말들이 나오고 있는데요. 예상 보다 반발이 크자, 중국 당국도 좀 당황한 듯한 분위기입니다. 베이징에서 강민수 특파원이 전해왔습니다. [리포트] 중국 최대의 정치행사 전인대와 정협, 이른바 양회를 앞둔 천안문 광장에 긴장감이 감돕니다. 국가주석의 임기제한을 폐지하는 헌법 개정에 대해 일부 학계와 언론계는 물론 일반 시민들 사이에서도 반대여론이 형성되고 있기때문입니다.[후싱도우/정치평론가 : 심각한 결과를 초래할 파시즘이나 독재로 빠져들면 어쩌나 하는 우려가 있습니다.] 시진핑 주석이 장기집권을 하려 한다는 비판이 일자 개헌안을 강력 지지해온 관영 매체들도 한발 물러서는 듯한 분위깁니다. 공산당 기관지 인민일보는 논평을 통해 임기 제한을 없애는 것이 종신제를 의미하는 것은 아니다라고 주장했습니다. 여론을 무마하기 위한 노골적인 인터넷 검열은 더욱 수위를 높여가는 분위깁니다. 개헌을 풍자하는 &불로장생&, &종신& 등의 표현은 물론, 마오쩌둥과 시진핑을 합성한 시쩌둥 등의 단어는 검색 자체가 안되게 막았습니다. 이번 양회에서는 감찰위원회를 신설하는 안도 처리됩니다. 정적 제거용으로도 사용했던 부패와의 전쟁을 아예 제도화하겠다는 뜻입니다. 시주석은 이미 지난해 당대회때 후계자를 지명하지 않음으로써 장"
c1_151309-1,천중핑씨의 상태는 어때?,이틀 간의 코마 상태 이후 의식을 회복해 지난 2일부터 중환자실에서 치료를 받고 있습니다,doc_0003,4,0.822356,doc_0059,doc_0059_chunk_000,X,"[IMG1] 평단 왕양, 남영택 옮김 1만9000원 #케네디 대통령의 아버지인조지프 케네디는 1929년 월스트리트가 붕괴하기 직전에자신의 주식을 모두 팔아치워 위기를 피해갔다.그가 그렇게 할 수 있었던 것은 구두닦이 소년 덕분이었다. 구두닦이 소년은 ""우리도 주식에 투자하면 백만장자가 될 수 있을 거예요""라며 구두를 닦으러 온 조지프에게 흥분해서 떠들었다.경제를 잘 아는 권위자들도 마치 살얼음 위를 걷는 것처럼 투자하고, 그렇게 투자해도 손해를 보지 않고 수익을 거둘지 장담할 수 없는 주식시장. 그 시장에서 구두닦이 소년조차 주식을 안전하고 떼돈을 버는 투자처라고 생각한다면 시장은 이미 과열 단계에 접어들었고 이때야말로 주식 시장을 떠날 시기라고 그는 판단했던 것이다.'환율전쟁'이라는 책을 쓰기도 했던 이 책의 저자 왕양은 독자들에게 묻는다. ""경제 용어를 아는 것만으로 경제 흐름을 읽을 수 있을까."" 이 책에서는 '천하어면'이라는 경제게임의 주인공 겐로쿠를 등장시켜1만 관의 자본을 가지고 어떻게 해야 사업에 성공하고 투자에 성공하는지 독자가 겐로쿠가 되어 그 과정을 터득하는 스토리텔링의 방법을 통해경제를 이야기 하고 있다. 그 과정에서 우리는 각종 경제용어를 배우고 많은 실례를 통해 경제의 흐름을 자연스럽게 익힐 수 있다. 이를 통해 경제를 예측하는 안목을 기를 수 있다는 덤이 이 책의 가장 큰 특징이다 장점이다. 저자 나름의 경제"
c1_151309-1,천중핑씨의 상태는 어때?,이틀 간의 코마 상태 이후 의식을 회복해 지난 2일부터 중환자실에서 치료를 받고 있습니다,doc_0003,5,0.822,doc_0108,doc_0108_chunk_000,X,"""국방부가 지난해 10월 한 여군 중위의 자살이 상관의 가혹행위 등에 따른 것이라며 순직 결정을 내렸는데요. 최근 항소를 통해 해당 여군이 개인적인 이유로 스스로 목숨을 끊었다며 다시 여군에게 책임을 돌린 것으로 드러났습니다. 어찌된 사연인지 김영은 기자의 단독 보도입니다. [리포트] 2010년 3월 부대 근처 야산에서 스스로 목숨을 끊었던 여군 심 중위. 심 중위는 자살 7개월 전 사병과 사적으로 만나 성 군기를 위반했다는 이유로 특별 관리 대상이 됐습니다. [김○○/故 심 중위 어머니 : 화장실을 가니까 피를 뿌려놨더래요. 사병하고 화장실에서 무슨 관계를 가졌다, 막 그러는 거예요.] 심 중위가 성관계를 가졌냐며 수시로 추궁하는 등 대대장이 과도하게 사생활을 침해한다고 심 중위는 호소했습니다.[김○○/故 심 중위 어머니 : 시내가면 시내간다고 전화하고, (심 중위가) 제 동생 집에 갔었어요. (대대장이) 진짜 이모 집인지 전화 끊어보라고 하더래요. 그래서 제부가 (전화를) 받았대요.] 국방부는 결국 지난해 10월 심 중위의 자살에 군의 책임 인정된다며 순직으로 인정했고, 올해 초 법원도 국가의 책임을 인정해 1억 5천만 원을 유족에게 배상하라고 선고했습니다. 그런데 지난 2월 군이 항소했습니다. 항소이유서에서 군은 심 중위가 연애사에 문제가 있었고 이혼 가정 출신에 자괴감을 경험한 인물이라며, 자살 원인은 심 중위 본인에게 있다고"
c1_151310-1,3세 아이는 왜 4층 창문에 매달려 있었어?,열쇠공이 문을 따는 소리에 겁을 먹고 창문 밖으로 도망을 치려다,doc_0003,1,0.858874,doc_0003,doc_0003_chunk_000,O,중국의 한 여성 경찰이 아파트에서 추락하던 3세 아이를 살리고 자신은 혼수상태에 빠졌습니다. 의인(義人)의 소식이 알려지자 각박한 중국 사회에 큰 반향을 일으키고 있습니다. 5일 귀주도시망 등 중국 현지 언론에 따르면 구이저우성 카일리시에 보조 교통 경찰로 일하는 천중핑(49)은 지난달 28일 한 아파트에서 비상 상황이 발생했다는 연락을 받고 현장으로 향했습니다. 도착했을 때 아파트 4층 창문에서 여자 아이가 매달려 있었습니다. 곧이어 아이는 손에 힘이 빠지면서 밑으로 추락했습니다. 천중핑과 다른 세명의 이웃들이 달려갔습니다. 그리고 아이는 바닥이 아니라 천중핑의 팔에 떨어졌습니다. 중간 비막이 천막 때문에 속도가 줄기는 했지만 추락의 충격은 천중핑이 고스란히 감당해야 했습니다. 아이는 즉시 병원으로 옮겨져 치료를 받았습니다. 다리 골절로 그리 심각한 상황은 아니라고 합니다. 하지만 생명의 은인이자 영웅은 커다란 댓가를 치러야 했다. 뇌출혈로 인한 의식불명 상태에 빠진 것이다. 다행히 이틀 간의 코마 상태 이후 의식을 회복해 지난 2일부터 중환자실에서 치료를 받고 있습니다. 아이는 열쇠공이 문을 따는 소리에 겁을 먹고 창문 밖으로 도망을 치려다 사고를 당한 것으로 전해졌습니다. 아이가 잠든 사이 돌보던 아이의 할머니가 쓰레기를 버리러 나갔다가 문이 잠기는 바람에 열쇠공을 불렀던 것입니다. 아이의 엄마는 “천중핑의 도움이 없었다면 아이
c1_151310-1,3세 아이는 왜 4층 창문에 매달려 있었어?,열쇠공이 문을 따는 소리에 겁을 먹고 창문 밖으로 도망을 치려다,doc_0003,2,0.842009,doc_0121,doc_0121_chunk_000,X,"에코 리브르/앙리 베베르 지음/ 임명주 옮김/8000원 ""아빠, 우리는 왜 좌파예요?"" 프랑스 사회당 소속 정치가이자 트로츠키주의자로 혁명적공산주의동맹의 리더로 쟁쟁한 좌파경력을 가진 앙리 베베르는 두 딸의 당돌한 질문에는 두손 두발을 들었다. ""아이구, 차라리 아이가 어떻게 태어나는지 알려 줄까?""라고 대답하는 아빠에게 ""됐거든요. 그건 다 알고 있거든요""라고 딸이 응수할 땐 킥킥 웃음이 터진다. 딸들은 현명하게도 휴가차 노르망디로 떠나는 자동차 안에서 이런 맹랑한 질문을 던졌다. 아빠가 어디로 도망갈 수도 없게 말이다. 그래서 시작되었다. 딸딸이 아빠 베베르의 좌파 이야기가. 누가 정치가 아니랄까봐 아빠 베베르는 역사 이야기부터 들고 나왔다. ""1789년 8월 28일 아주 중요한 투표가 있었단다. 왕정주의자는 의장이 있는 연단의 오른쪽으로 모였고, 왕정 반대자는 왼쪽으로 모였어. 이게 좌파, 우파라는 말의 기원이야. 알고 있니?"" 당연히 두 딸이 알았을 리가 없다. 설명이 영 시원찮다는 표정으로 곁눈질하는 딸들에게 압박감을 느낀 아빠는 좀 더 단정적으로 좌파 이야기를 하기로 결심한 모양이다. ""1차적인 정의를 정리하면 좌파는 변혁과 변화를 추구하고, 우파는 안정 보수 최소한의 변화를 지지한단다."" 당장 반격 들어오는 딸들. ""아빠는 저희를 놀리고 있어요. 우파도 자기들만의 방식으로 변화를 추구하고 있잖아요."" 이야, 정말 똑똑한"
c1_151310-1,3세 아이는 왜 4층 창문에 매달려 있었어?,열쇠공이 문을 따는 소리에 겁을 먹고 창문 밖으로 도망을 치려다,doc_0003,3,0.833742,doc_0113,doc_0113_chunk_001,X,"이게 문제라고 생각을 하고 있는 이 시점에서 제가 얘기하지 않으면 저는 아마 앞으로 평생 얘기를 못할 거라는 생각을 했고.] 가족이 상처를 받지 않을까 염려했지만 어렵사리 용기를 낸 이유도 역시 사랑하는 딸 때문이었습니다. [김민경/성폭력 피해자 : 제 딸이 나중에 커서 이런 일을 안 당했으면 좋겠지만, 만약에 당한다면, 저처럼 바보같이 침묵하지 말고 얘기할 수 있는 사회가 됐으면 좋겠어요.] KBS 뉴스 김채린입니다."""
c1_151310-1,3세 아이는 왜 4층 창문에 매달려 있었어?,열쇠공이 문을 따는 소리에 겁을 먹고 창문 밖으로 도망을 치려다,doc_0003,4,0.833183,doc_0038,doc_0038_chunk_000,X,"""새해맞이로 들뜬 세밑에도 미국 전역에서는 총격 사건이 끊이지 않고 있습니다. 뉴저지 주의 한 주택에서 10대 소년이 총을 쏴 일가족이 참변을 당하는 일이 벌어졌습니다. 로스앤젤레스 최동혁 특파원의 보도입니다. 리포트 현지시각 지난해 31일 밤, 미국 뉴저지 주 롱브랜치의 한 주택에서 총성이 울렸습니다. 16살 소년이 반자동 소총으로 집안에서 가족들에게 총을 쏜 겁니다. 아버지와 어머니, 누나, 그리고 70대의 부모 친구 등 모두 4명이 그 자리에서 숨졌습니다.인터뷰 카르멘(이웃 주민) : 어젯밤 이런 일이 일어났다는 것이 믿을 수가 없습니다. 믿기지 않아요, 그 가족은 모두 좋은 사람들이었거든요. 할아버지와 다른 형제는 급히 몸을 피해 변을 당하지는 않은 것으로 알려졌습니다. 경찰은 소년을 체포해 구체적인 범행 동기를 조사하고 있습니다. 앞서 같은 날 새벽, 콜로라도 덴버시 한 아파트단지에서 총격전이 벌어져 범인과 경찰 1명이 숨졌고, 앨라배마 주 헌츠빌에선 새해맞이 파티 도중 총격 사건이 벌어져 4명이 병원에 후송됐으며, 2명은 중태입니다. 경찰은 새해맞이 행사가 많은 뉴욕 맨해튼과 라스베이거스 등을 중심으로 삼엄한 대테러 경계를 펼치고 있습니다. 로스앤젤레스에서 KBS 뉴스 최동혁입니다."""
c1_151310-1,3세 아이는 왜 4층 창문에 매달려 있었어?,열쇠공이 문을 따는 소리에 겁을 먹고 창문 밖으로 도망을 치려다,doc_0003,5,0.832043,doc_0128,doc_0128_chunk_000,X,"그렇다고 그가 해야 할 고유의 ‘역할’을 포기한 것도 아니었다. 를 펼쳐들면 인권, 노동, 미디어 비판, 역사 등 진보적인 교양을 만화와 글쓰기라는 다양한 형식을 통해 다룬 것이 눈에 띈다. 이제껏 한국에서 누구도 다루지 않았던 소재를 과감하고 파격적으로 다루고 있다. 심혈을 기울여 작업하고 있는 ‘뚝딱뚝딱 인권짓기(인권짓기)’와 ‘태일이’ 코너가 안착되자마자 ‘고래소녀 만덕(만덕)’과 ‘우리 위인들의 다른 이야기(위인~)’ 코너를 새롭게 선보였다. ‘인권짓기’는 그동안 주목하지 않았던 아동인권을 왕따, 학교폭력, 자살 등 아이들의 생활과 접목해 다루고 있는 것이 특징이다. 김만덕의 여성경제인의 전기를 다룬 ‘만덕’과 ‘위인~’은 본격적인 역사물이다. 조만간 ‘불한당들의 세계사’(역사)와 이름이 정해지지 않았지만 과학꼭지도 선보일 예정이다. “인권과 생태 분야는 어느 정도 안착단계에 들어가고 있는 것 같아요. 역사와 과학 분야를 본격적으로 다뤄보려고요. 역사 속에서 악당의 의미, 과학발달과 사회적 약자와의 함수관계 등을 일깨워주고 싶어요. 과학이 발달되어도 장애인이나 노인들의 삶은 변화가 없다는 것, 그런 것 말예요.” ‘과학발달과 사회적 약자와의 함수관계?’ 그는 이렇게 설명했다."
c1_151311-1,열쇠공은 왜 잠긴 문을 따려고 한거야?,아이가 잠든 사이 돌보던 아이의 할머니가 쓰레기를 버리러 나갔다가 문이 잠기는 바람에 열쇠공을 불렀던 것,doc_0003,1,0.874131,doc_0003,doc_0003_chunk_000,O,중국의 한 여성 경찰이 아파트에서 추락하던 3세 아이를 살리고 자신은 혼수상태에 빠졌습니다. 의인(義人)의 소식이 알려지자 각박한 중국 사회에 큰 반향을 일으키고 있습니다. 5일 귀주도시망 등 중국 현지 언론에 따르면 구이저우성 카일리시에 보조 교통 경찰로 일하는 천중핑(49)은 지난달 28일 한 아파트에서 비상 상황이 발생했다는 연락을 받고 현장으로 향했습니다. 도착했을 때 아파트 4층 창문에서 여자 아이가 매달려 있었습니다. 곧이어 아이는 손에 힘이 빠지면서 밑으로 추락했습니다. 천중핑과 다른 세명의 이웃들이 달려갔습니다. 그리고 아이는 바닥이 아니라 천중핑의 팔에 떨어졌습니다. 중간 비막이 천막 때문에 속도가 줄기는 했지만 추락의 충격은 천중핑이 고스란히 감당해야 했습니다. 아이는 즉시 병원으로 옮겨져 치료를 받았습니다. 다리 골절로 그리 심각한 상황은 아니라고 합니다. 하지만 생명의 은인이자 영웅은 커다란 댓가를 치러야 했다. 뇌출혈로 인한 의식불명 상태에 빠진 것이다. 다행히 이틀 간의 코마 상태 이후 의식을 회복해 지난 2일부터 중환자실에서 치료를 받고 있습니다. 아이는 열쇠공이 문을 따는 소리에 겁을 먹고 창문 밖으로 도망을 치려다 사고를 당한 것으로 전해졌습니다. 아이가 잠든 사이 돌보던 아이의 할머니가 쓰레기를 버리러 나갔다가 문이 잠기는 바람에 열쇠공을 불렀던 것입니다. 아이의 엄마는 “천중핑의 도움이 없었다면 아이
c1_151311-1,열쇠공은 왜 잠긴 문을 따려고 한거야?,아이가 잠든 사이 돌보던 아이의 할머니가 쓰레기를 버리러 나갔다가 문이 잠기는 바람에 열쇠공을 불렀던 것,doc_0003,2,0.842319,doc_0003,doc_0003_chunk_001,X,이 잠기는 바람에 열쇠공을 불렀던 것입니다. 아이의 엄마는 “천중핑의 도움이 없었다면 아이는 죽었을 것”이라며 딸을 구해준 천중핑에게 감사의 뜻을 전했습다. 카일리시 정부 대표와 공안부 관계자들도 천중핑이 입원한 병원을 찾아 위로하고 회복될때까지 도움을 아끼지 않겠다고 밝혔습니다. 천중핑의 선행 사실을 접한 중국 기업 알리바바도 ‘중국의 좋은 이웃상’과 함께 상금 1만 위안(약 170만원)을 수여하기로 했습니다. [아직 살만한 세상]은 점점 각박해지는 세상에 희망과 믿음을 주는 이들의 이야기입니다. 힘들고 지칠 때 아직 살만한 세상을 만들어가는 ‘아살세’ 사람들의 목소리를 들어보세요. 따뜻한 세상을 꿈꾸는 독자 여러분의 제보를 기다립니다. 맹경환 기자 khmaeng@kmib.co.kr
c1_151311-1,열쇠공은 왜 잠긴 문을 따려고 한거야?,아이가 잠든 사이 돌보던 아이의 할머니가 쓰레기를 버리러 나갔다가 문이 잠기는 바람에 열쇠공을 불렀던 것,doc_0003,3,0.819355,doc_0026,doc_0026_chunk_001,X,"“실무자에게 소통에 지장을 주는 게 그것 뿐이냐며, 문화적 효용을 고려해 재검토하라고 지시했다”고 말했다. 경찰은 일사천리로 사업을 추진해 한달여만인 9월1일 동십자각에 건널목이 생겼다. 이 사이 유홍준씨는 문화재청장에 내정돼, 건널목이 생긴 날 임명됐다. 허 청장은 “유 청장이 임명된 뒤 감사하다며 전화를 걸어왔다”며 “조금만 더 건널목이 늦게 설치됐다면 문화재청장의 1호 업적이 됐을 것이라고 농담을 하던 기억이 난다”고 말하며 웃었다. 종로경찰서 관계자는 “건널목이 생긴 뒤에도 교통 흐름은 원활하다”며 “시민들의 반응이 좋다”고 말했다."
c1_151311-1,열쇠공은 왜 잠긴 문을 따려고 한거야?,아이가 잠든 사이 돌보던 아이의 할머니가 쓰레기를 버리러 나갔다가 문이 잠기는 바람에 열쇠공을 불렀던 것,doc_0003,4,0.817766,doc_0192,doc_0192_chunk_000,X,"""밤사이 교통 사고가 잇따랐습니다. 경부고속도로에서 차량 4대가 부딪혀 사상자 10명이 발생했고, 서울 송파구에서도 4중 추돌 사고가 났습니다. 용산구의 한 음식점에서는 한밤중 화재로 대피 소동이 벌어졌습니다. 황경주 기자입니다. [리포트] 차량 전체가 찌그러지고 유리도 깨졌습니다. 또 다른 승용차도 앞부분이 부서졌습니다. 오늘 새벽 12시 반쯤 충청북도 청주시 경부고속도로 하행선 남이분기점 인근에서 승용차 4대가 잇따라 부딪혀 2명이 숨지고 8명이 다쳤습니다. 경찰은 정확한 사고 경위를 조사하고 있습니다. 어젯밤 10시 반쯤 서울 송파구의 한 도로에서는 강 모 씨가 몰던 트럭이 좌회전 신호를 기다리던 차량 4대를 잇달아 들이받았습니다. 강 씨는 머리를 다쳐 병원으로 옮겨졌고, 경찰은 강 씨의 혈중알콜농도를 측정하는 등 사고 경위를 조사하고 있습니다. 어젯밤 11시 50분쯤에는 서울 용산구의 한 음식점에서 튀김 기계가 가열돼 불이 나 50분 만에 꺼졌습니다. 이 불로 건물 내부에 있던 점원 등이 대피했고, 냉장고 등이 불에 타 소방서 추산 630만 원의 재산피해가 났습니다. 어제 저녁 7시쯤 경기도 고양시의 한 도로에서는 중앙선을 넘은 트럭이 마주 오던 탑차와 충돌하면서 운전자 2명 모두 의식을 잃고 병원으로 옮겨졌습니다. 경찰은 졸음운전 여부를 포함해 정확한 사고 경위를 조사 중입니다. KBS 뉴스 황경주입니다."""
c1_151311-1,열쇠공은 왜 잠긴 문을 따려고 한거야?,아이가 잠든 사이 돌보던 아이의 할머니가 쓰레기를 버리러 나갔다가 문이 잠기는 바람에 열쇠공을 불렀던 것,doc_0003,5,0.815006,doc_0059,doc_0059_chunk_000,X,"[IMG1] 평단 왕양, 남영택 옮김 1만9000원 #케네디 대통령의 아버지인조지프 케네디는 1929년 월스트리트가 붕괴하기 직전에자신의 주식을 모두 팔아치워 위기를 피해갔다.그가 그렇게 할 수 있었던 것은 구두닦이 소년 덕분이었다. 구두닦이 소년은 ""우리도 주식에 투자하면 백만장자가 될 수 있을 거예요""라며 구두를 닦으러 온 조지프에게 흥분해서 떠들었다.경제를 잘 아는 권위자들도 마치 살얼음 위를 걷는 것처럼 투자하고, 그렇게 투자해도 손해를 보지 않고 수익을 거둘지 장담할 수 없는 주식시장. 그 시장에서 구두닦이 소년조차 주식을 안전하고 떼돈을 버는 투자처라고 생각한다면 시장은 이미 과열 단계에 접어들었고 이때야말로 주식 시장을 떠날 시기라고 그는 판단했던 것이다.'환율전쟁'이라는 책을 쓰기도 했던 이 책의 저자 왕양은 독자들에게 묻는다. ""경제 용어를 아는 것만으로 경제 흐름을 읽을 수 있을까."" 이 책에서는 '천하어면'이라는 경제게임의 주인공 겐로쿠를 등장시켜1만 관의 자본을 가지고 어떻게 해야 사업에 성공하고 투자에 성공하는지 독자가 겐로쿠가 되어 그 과정을 터득하는 스토리텔링의 방법을 통해경제를 이야기 하고 있다. 그 과정에서 우리는 각종 경제용어를 배우고 많은 실례를 통해 경제의 흐름을 자연스럽게 익힐 수 있다. 이를 통해 경제를 예측하는 안목을 기를 수 있다는 덤이 이 책의 가장 큰 특징이다 장점이다. 저자 나름의 경제"
c1_36509-1,부정당업자를 제재하는 '부정당제재'를 행하는 정부 기관은?,조달청,doc_0004,1,0.866711,doc_0004,doc_0004_chunk_000,O,"[[the300]기업들 행정가처분 소송도 증가, 조달청 패소율 86%]조달청이 부정당업자를 제재하는 '부정당제재' 건수가 최근 4년 새 2배 가까이 증가한 것으로 확인됐다.28일 국회 기획재정위원회 소속 엄용수 |자유한국당| 의원실이 조달청에서 입수한 자료에 따르면 부정당제재 건수는 2012년 233건이던에서 지난해 442건으로 증가했다. 올해엔 7월까지 324건으로 나타났다.조달청은 불공정 조달행위가 생길 경우 계약심사협의회에서 내부 심의를 거쳐 부정당업체로 등록을 하고 제재를 실시하고 있다.조달청의 행정 처분에 대한 피제재기업의 행정가처분 소송 건수 증가세는 더 가파랐다. 2012년 20건에 불과했던 가처분 소송은 지난해 116건으로 4년만에 5.8배 급증했다. 올해는 7월까지 총 59건 접수됐다. 소송 결과 인용률(조달청 패소율)은 평균 86%에 달한다.부정당제제 행정처분의 원인이 되는 본안 소송도 해마다 늘고 있다. 지난해 본안 소송 건수는 107건에 달했다. 인용률은 28%까지 치솟았다. 본안 소송에서 조달청이 패소했다는 건 소송 제재 자체에 문제가 있었다는 의미다.엄 의원은 ""조달청이 정확한 행정 집행을 통해 업무를 마무리하는 것이 아니라 기업의 소송액 등 부담을 가중시키는 소송을 유발하고 있다""며 ""관련 제도 정비 등 조달행정 선진화를 통해 기업 부담을 가중시키는 소송이 남발하지 않도록 특단의 조치가 필요하다""고 강조했다"
c1_36509-1,부정당업자를 제재하는 '부정당제재'를 행하는 정부 기관은?,조달청,doc_0004,2,0.86462,doc_0004,doc_0004_chunk_001,O,"를 통해 기업 부담을 가중시키는 소송이 남발하지 않도록 특단의 조치가 필요하다""고 강조했다.조달청 관계자는 ""지방계약법이 개정되면서 지방자치단체의 부정당업자 제재권한이 조달청으로 이관된 것이 조달청 제재건수가 증가한 가장 큰 이유""라고 해명했다. 김평화 기자 peace@mt.co.kr"
c1_36509-1,부정당업자를 제재하는 '부정당제재'를 행하는 정부 기관은?,조달청,doc_0004,3,0.831212,doc_0027,doc_0027_chunk_000,X,"정부가 개발제한구역내 불법행위에 대해 특별 점검을 실시한다. 국토해양부는 개발제한구역 관리를 철저히 하고 불법 행위를 근절하기 위해 지방자치단체와 합동으로 9~19일까지 특별점검을 실시한다고 9일 밝혔다. 이번 특별점검은 국토부 공무원 26명과 시·도 공무원 32명 등 총 58명이 투입돼 전국 13개 시·도와 90개 시·군·구를 대상으로 진행된다. 엄정한 단속을 위해 지자체 직원을 다른 시·도지역으로 보내는 '교차 점검' 방식으로 단속한다. 주로 개발제한구역내 무허가 건축 행위, 불법용도변경, 불법 물건적치, 불법 토지형질변경, 위법 시공 등을 점검할 계획이다. 국토부는 특히 특별점검 시 개발제한구역내 건축물 전수조사자료를 활용해 지자체별 불법 건축물 조치실태와, 이행강제금 제도의 집행 실태 및 실효성 등도 집중 점검할 예정이다. 국토부는 적발되는 불법행위에 대해 자진철거 및 원상복구토록 조치하고 이행하지 않을 경우, 고발과 이행강제금 부과 등 강력한 행정조치를 취하도록 해당 지자체에 통보할 방침이다. 한편, 국토부는 개발제한구역내 불법행위 근절을 위해 매년 1~2차례 특별점검을 실시하고 있다. 지난해 실시한 합동 단속을 통해 불법 건축 175건, 불법 용도변경 55건 등 총 251건의 불법행위를 적발했다. 이와 함께 2009년 개발제한구역 관리강화를 위해 불법행위에 대한 이행강제금을 도입했으며, 2010~2011년에는 전국 개발제한"
c1_36509-1,부정당업자를 제재하는 '부정당제재'를 행하는 정부 기관은?,조달청,doc_0004,4,0.825032,doc_0036,doc_0036_chunk_000,X,"금융위원회가 부과하는 과징금·과태료 수납률이 저조해 개선방안이 필요하다는 지적이 나왔다. 국회예산정책처가 최근 펴낸 '2011회계연도 결산 분석 종합' 보고서에 따르면 지난해 금융위가 공시위반 기업 등에 부과한 과징금 및 과태료는 총 421억5000만원에 달했지만 실제 걷힌 금액은143억100만원으로 수납률이 33.9%에 달했다. 과징금은 징수결정액 401억1200만원 중 133억3200만원이 수납돼 수납률이 33.2%에 그쳤고, 과태료도 20억3800만원중 9억6900만원만 걷혀 수납률이 47.5%에 머물렀다. 이처럼 징수실적이 저조한 것은 과징금 대부분 법인이 납부자인데 과징금 부과조치를 받는 시점이면 이미 폐업이나 상장폐지 단계에 이르러 납부능력을 상실하는 경우가 많기 때문이다. 이 때문에 과징금 수납률은 2008년 이후 매년 50%를 밑돌고 있다. 이에 따라 보고서는 금융위가 전담인력을 증원하거나 국세청에 위탁해 수납하는 방법 등 적극적인 체납관리체계를 구축하기 위해 노력할 필요가 있다고 지적했다. 보고서는 또 금융위의 금융중심지 추진사업 실적이 저조하다며 실적 제고방안 마련의 필요성을 제기했다. 금융중심지 추진사업은 금융중심지로 지정된 서울과 부산에 해외 금융기관이 진출하도록 도움을 주기 위한 것으로 지난해에 보조금으로 7억2300만원의 예산이 책정되기도 했다. 하지만 서울금융중심지 입주기업 현황 분석 결과 외국금융사 신규유"
c1_36509-1,부정당업자를 제재하는 '부정당제재'를 행하는 정부 기관은?,조달청,doc_0004,5,0.823841,doc_0058,doc_0058_chunk_001,X,"금속탐지기로 검색을 받아야 하며, 불응하면 부정행위로 간주된다. 또 시험장마다 휴대용 전파감식기를 1대씩 나눠줘 시험실을 무작위로 선정해 휴대전화 사용 여부를 점검하게 되는데, 전파가 이용된 사실이 감지되면 그 교시 시험이 끝난 뒤 휴대용 금속탐지기를 동원, 검색을 실시하게 되고 이에 불응해도 부정행위자가 된다. 아울러 카메라 펜 등 유의사항에 명시된 금지 물품을 1교시가 시작되기 전에 제출하지 않거나, 쉬는 시간과 점심시간에 반입 금지물품 미제출 사실이 적발되더라도부정행위로 처리된다. 필기구도 시험시작 전 나눠주는 컴퓨터용 사인펜과 연필 등을 제외하고 절대 꺼내놔서는 안되며 보청기, 돋보기 등 신체조건이나 의료상 필요한 물품은 매 교시 시험실 감독관의 사전 점검을 받아 휴대할 수 있도록 했다. 이밖에 대리시험을 막기 위해 시험시작 전 감독관이 본인 여부를 확인하게 되는데 수험생 협조 의무가 명시돼 이에 따르지 않으면 `감독관 지시 불이행'으로 역시시험이 무효가 된다."
c1_36510-1,부정당제재 건수가 233건이던 해는 언제인가?,2012년,doc_0004,1,0.844015,doc_0004,doc_0004_chunk_000,O,"[[the300]기업들 행정가처분 소송도 증가, 조달청 패소율 86%]조달청이 부정당업자를 제재하는 '부정당제재' 건수가 최근 4년 새 2배 가까이 증가한 것으로 확인됐다.28일 국회 기획재정위원회 소속 엄용수 |자유한국당| 의원실이 조달청에서 입수한 자료에 따르면 부정당제재 건수는 2012년 233건이던에서 지난해 442건으로 증가했다. 올해엔 7월까지 324건으로 나타났다.조달청은 불공정 조달행위가 생길 경우 계약심사협의회에서 내부 심의를 거쳐 부정당업체로 등록을 하고 제재를 실시하고 있다.조달청의 행정 처분에 대한 피제재기업의 행정가처분 소송 건수 증가세는 더 가파랐다. 2012년 20건에 불과했던 가처분 소송은 지난해 116건으로 4년만에 5.8배 급증했다. 올해는 7월까지 총 59건 접수됐다. 소송 결과 인용률(조달청 패소율)은 평균 86%에 달한다.부정당제제 행정처분의 원인이 되는 본안 소송도 해마다 늘고 있다. 지난해 본안 소송 건수는 107건에 달했다. 인용률은 28%까지 치솟았다. 본안 소송에서 조달청이 패소했다는 건 소송 제재 자체에 문제가 있었다는 의미다.엄 의원은 ""조달청이 정확한 행정 집행을 통해 업무를 마무리하는 것이 아니라 기업의 소송액 등 부담을 가중시키는 소송을 유발하고 있다""며 ""관련 제도 정비 등 조달행정 선진화를 통해 기업 부담을 가중시키는 소송이 남발하지 않도록 특단의 조치가 필요하다""고 강조했다"
c1_36510-1,부정당제재 건수가 233건이던 해는 언제인가?,2012년,doc_0004,2,0.803371,doc_0069,doc_0069_chunk_000,X,"국가정보원이 지난 2009년 5월 고 노무현 전 대통령 서거 당시에도 '정신적으로 불안한 사람' '통 크게 뇌물 먹고 자살한 사람' 등의 비판댓글을 유포한 것으로 나타났다. 민주당 진선미 의원이 26일 서울중앙지검으로부터 제출받은 '국정원 대선 개입 사건 범죄일람표'에 따르면, 국정원은 지난 2009년 5월23일 노 전 대통령 서거 뒤 노 전 대통령과 추모 열기를 비판하는 내용의 댓글 수 백개를 인터넷 사이트 게시판에 무더기로 올린 것으로 나타났다. 자료를 살펴보면 이 같은 댓글 유포는 원세훈 전 국정원장이 취임한 직후인 2009년 2월부터 시작했다. 국정원 직원들에 의한 댓글은 포털 사이트 '다음'의 '아고라'는 물론 다른 포털사이트인 '네이버'와 '네이트' 등에도 달렸다. 검찰이 확보한 댓글에는 ""통 크게 뇌물 먹고 자살한 자는 순교자지?"", ""정신적으로 불안한 사람을 지도자로 뽑으면 안 되겠다"", ""노무현은 자살한 거지, 주변의 뇌물수수에 대해 원망하다가 검찰 수사에 분노하다가, 자기 자신을 향해 분노를 터뜨린 것에 불과한 것"", ""놈현이가 저세상에 와서 보니 아주 큰 죄가 많았군요~ 살아있을 때 잘하지~ 왜 거기 가서 죽어서 후회하나~좌빨 여러분~ 있을 때 잘하세요~"" 등이 포함돼 있다."
c1_36510-1,부정당제재 건수가 233건이던 해는 언제인가?,2012년,doc_0004,3,0.799372,doc_0027,doc_0027_chunk_000,X,"정부가 개발제한구역내 불법행위에 대해 특별 점검을 실시한다. 국토해양부는 개발제한구역 관리를 철저히 하고 불법 행위를 근절하기 위해 지방자치단체와 합동으로 9~19일까지 특별점검을 실시한다고 9일 밝혔다. 이번 특별점검은 국토부 공무원 26명과 시·도 공무원 32명 등 총 58명이 투입돼 전국 13개 시·도와 90개 시·군·구를 대상으로 진행된다. 엄정한 단속을 위해 지자체 직원을 다른 시·도지역으로 보내는 '교차 점검' 방식으로 단속한다. 주로 개발제한구역내 무허가 건축 행위, 불법용도변경, 불법 물건적치, 불법 토지형질변경, 위법 시공 등을 점검할 계획이다. 국토부는 특히 특별점검 시 개발제한구역내 건축물 전수조사자료를 활용해 지자체별 불법 건축물 조치실태와, 이행강제금 제도의 집행 실태 및 실효성 등도 집중 점검할 예정이다. 국토부는 적발되는 불법행위에 대해 자진철거 및 원상복구토록 조치하고 이행하지 않을 경우, 고발과 이행강제금 부과 등 강력한 행정조치를 취하도록 해당 지자체에 통보할 방침이다. 한편, 국토부는 개발제한구역내 불법행위 근절을 위해 매년 1~2차례 특별점검을 실시하고 있다. 지난해 실시한 합동 단속을 통해 불법 건축 175건, 불법 용도변경 55건 등 총 251건의 불법행위를 적발했다. 이와 함께 2009년 개발제한구역 관리강화를 위해 불법행위에 대한 이행강제금을 도입했으며, 2010~2011년에는 전국 개발제한"
c1_36510-1,부정당제재 건수가 233건이던 해는 언제인가?,2012년,doc_0004,4,0.796621,doc_0175,doc_0175_chunk_001,X,"△인천시 시의회 시민사회단체 공동 대응 기구 구성 등을 주장했다. 한나라당 민주당 등 여야 지역정치권도 일제히 조사 촉구 성명을 발표했다. 최근 일부 언론은 군 소식통의 말을 통해 캠프캐럴에서 캠프마켓으로 오염물질이 옮겨졌다고 보도했고 재미동포 안치용씨도 블로그 '시크릿 오브 코리아'에 캠프캐럴 오염흙이 캠프마켓에서 처리됐다는 미 육군공병단의 1991년 자료를 공개했다. 경기지역의 미군기지에 대한 환경오염 조사를 요구하는 목소리도 커지고 있다. 강득구 경기도의회 기획위원장은 27일 성명을 내 ""미군 공여지 87%가 경기도에 집중돼 있다""며 ""모든 미군기지에 대해 전면적인 환경조사를 실시하라""고 촉구했다. 민주노동당 파주시위원회도 이날 기자회견을 갖고 ""환경부와 파주시는 주한 미군기지 환경오염에 대해 전수조사를 실시하라""고 요구했다. 이들은 ""특히 임진강 식수원과 직접 연관돼 있는 만큼 현 주한미군 고엽제 문제는 32만 파주시민의 생존권이 달린 문제""라고 지적했다. 한편 부천시는 30일 화학물질 매몰 의혹이 제기된 부천시 오정구 오정동 옛 미군부대 캠프머서 주변 지하수 오염여부를 검사하기 위해 지하수를 채수한다고 29일 밝혔다. 시는 30일 오후 2시 캠프머서 주변 지하수 관리공 9곳에서 물 100ℓ씩을 채수해 경기도보건환경연구원으로 보내 정밀검사를 의뢰할 계획이다. 시는 또 '오정동 미군기지 화학물질 매립의혹과 관련하여'란 제목의 안"
c1_36510-1,부정당제재 건수가 233건이던 해는 언제인가?,2012년,doc_0004,5,0.79489,doc_0195,doc_0195_chunk_000,X,1970년대 대중가요에 대한 통제와 검열을 소재로 한 연극 '금지가요왜사'가 대학로 소극장 '알과핵'에서 공연되고 있다. '금지가요왜사'는 K-POP이 있기까지 한국대중가요 역사 이면의 가슴 아픈 시절을 코믹하면서도 생각할 거리를 담은 중년을 위한 유쾌하고 즐거운 7080의 추억이 녹아있는 블랙코미디이다. 지난 7월5일 1960∼90년대 음반 사전심의에 쓰인 자료 원본 15만 8000여 건이 최초로 공개됐다. 국립중앙도서관 지하 서고에 보관돼 있었던 가요 심의자료엔 당시 검열의 흔적들이 역력했다. 당시 가요심의를 본 공연윤리위원회에서 발간한 금지곡 목록집에는 시의 부적절이라는 미명 아래 송창식의 '고래사냥' '왜 불러' 등을 금지곡으로 지정했다. 과연 무슨 이유로 정부는 서민들의 노래인 대중가요에 금지곡이란 철퇴를 가한 것일까. 당시 정치사회를 비판하는 노래들이 자생하자 황당한 논리와 억지로 온각 이유를 붙여 대중가요를 탄압하는 과정을 코믹하게 풀어낸 유쾌한 연극인 '금지가요왜사'는 다양한 관객층의 향수와 공감을 끌어내기에 충분하다.
c1_36511-1,본안 소송에서 조달청이 패소했다는 건 무엇을 의미하는가?,소송 제재 자체에 문제가 있었다는 의미,doc_0004,1,0.85943,doc_0004,doc_0004_chunk_000,O,"[[the300]기업들 행정가처분 소송도 증가, 조달청 패소율 86%]조달청이 부정당업자를 제재하는 '부정당제재' 건수가 최근 4년 새 2배 가까이 증가한 것으로 확인됐다.28일 국회 기획재정위원회 소속 엄용수 |자유한국당| 의원실이 조달청에서 입수한 자료에 따르면 부정당제재 건수는 2012년 233건이던에서 지난해 442건으로 증가했다. 올해엔 7월까지 324건으로 나타났다.조달청은 불공정 조달행위가 생길 경우 계약심사협의회에서 내부 심의를 거쳐 부정당업체로 등록을 하고 제재를 실시하고 있다.조달청의 행정 처분에 대한 피제재기업의 행정가처분 소송 건수 증가세는 더 가파랐다. 2012년 20건에 불과했던 가처분 소송은 지난해 116건으로 4년만에 5.8배 급증했다. 올해는 7월까지 총 59건 접수됐다. 소송 결과 인용률(조달청 패소율)은 평균 86%에 달한다.부정당제제 행정처분의 원인이 되는 본안 소송도 해마다 늘고 있다. 지난해 본안 소송 건수는 107건에 달했다. 인용률은 28%까지 치솟았다. 본안 소송에서 조달청이 패소했다는 건 소송 제재 자체에 문제가 있었다는 의미다.엄 의원은 ""조달청이 정확한 행정 집행을 통해 업무를 마무리하는 것이 아니라 기업의 소송액 등 부담을 가중시키는 소송을 유발하고 있다""며 ""관련 제도 정비 등 조달행정 선진화를 통해 기업 부담을 가중시키는 소송이 남발하지 않도록 특단의 조치가 필요하다""고 강조했다"
c1_36511-1,본안 소송에서 조달청이 패소했다는 건 무엇을 의미하는가?,소송 제재 자체에 문제가 있었다는 의미,doc_0004,2,0.832886,doc_0004,doc_0004_chunk_001,X,"를 통해 기업 부담을 가중시키는 소송이 남발하지 않도록 특단의 조치가 필요하다""고 강조했다.조달청 관계자는 ""지방계약법이 개정되면서 지방자치단체의 부정당업자 제재권한이 조달청으로 이관된 것이 조달청 제재건수가 증가한 가장 큰 이유""라고 해명했다. 김평화 기자 peace@mt.co.kr"
c1_36511-1,본안 소송에서 조달청이 패소했다는 건 무엇을 의미하는가?,소송 제재 자체에 문제가 있었다는 의미,doc_0004,3,0.822511,doc_0112,doc_0112_chunk_000,X,"지율스님이 매번 청와대 근처에서 단식농성을 하는 건 바로 이 약속을 지키라는묵언의 시위인 셈이다. 곽결호 환경부 장관의 약속 위반도 마찬가지 이유에서 그의비난을 받았다. ◆해결책 없나= 현재로선 지율스님의 생명을 살리면서 합리적인 해결책을 찾을수 있는 가능성은 그리 크지 않은게 사실이다. 지율스님은 ‘3개월 발파공사 중지 및 환경영향 공동 조사’라는 제의를 해놓고정부 답변을 기다리던 지난달 20일 와 만나 “나로서는 물러설만큼 물러섰다. 정부가 받아들이지 않는다면 답답한 건 내가 아니라 정부다”라고 말했다. 이는 기존의 ‘선조사, 후공사’ 요구와 비교할 때 사실상 ‘공사 중지 요구’는 포기한 것이나 마찬가지라는게 측근들의 설명이다. 해결책을 찾는다면 ‘환경영향 공동 조사와 이를 위한 공사 일정 조정’ 정도에서찾아야 했는데 정부가 “일개인 때문에 국책사업을 자꾸만 중단한다는게 말이 되느냐”는 여론을 의식, 공동 조사마저 거부하는 바람에 사태가 악화될 대로 악화됐다는것. 한나라당과 민주노동당 등 야당 의원들이 ‘환경영향평가 재실시’ 결의안 상정등을 약속하고 있는 것은 이 점을 의식한 행동으로 풀이된다. 하지만 정부가 이를 받아들일 가능성이 적은데다 100일을 앞둔 시점이어서 이미늦은게 아니냐는 관측마저 나오고 있다. 지율스님측 이동준 변호사는 최근 “나를 비롯해서 스님과 가까운 이들도 스님을만날 때마다 단식을 풀라고 간곡히 부탁했지만 소"
c1_36511-1,본안 소송에서 조달청이 패소했다는 건 무엇을 의미하는가?,소송 제재 자체에 문제가 있었다는 의미,doc_0004,4,0.821237,doc_0077,doc_0077_chunk_001,X,주변 국제정치와 평화·통일 외교’란 주제로 특강을 열었다. 윤 전 장관은 한반도를 둘러싼 동북아정세 등을 설명하는 과정에서 ‘Sea of Japan(일본해)’이 쓰인 지도를 사용했다. 강연이 끝난 후 당시 김성식 정책위의장이 “실무자의 사려 깊지 못한 잘못이었다”며 사과했다고 한다. JTBC는 “실수라고 했지만 좀 신중하지 못한 처사가 아니냐는 비판이 나온다”고 했다. 일부 네티즌은 이에 “내로남불(내가 하면 로맨스 남이 하면 불륜)” “팩트체크 코너에서 이런 실수라니” 등의 반응을 보였다. ‘꽃뱀’으로 몰렸다던 여후배가 곽도원에게 받은 문자 157cm 단신이지만 몸매는 세계 최고인 모델 조민기 사망 전 엄청 퍼졌던 음란 카톡 대화의 실체 박은주 기자 wn1247@kmib.co.kr
c1_36511-1,본안 소송에서 조달청이 패소했다는 건 무엇을 의미하는가?,소송 제재 자체에 문제가 있었다는 의미,doc_0004,5,0.820676,doc_0108,doc_0108_chunk_001,X,"있었고 이혼 가정 출신에 자괴감을 경험한 인물이라며, 자살 원인은 심 중위 본인에게 있다고 주장했습니다. 국가책임을 인정한 법원의 판단은 물론, 순직을 인정했던 국방부의 결정 자체도 불과 몇달 사이에 스스로 부정한 셈입니다. 군 관계자는 항소심을 수행한 군 법무관은 육군 소속이어서 국방부에서 순직 결정을 몰랐던 것 같다고 해명했습니다. 그러면서도 국가 배상 소송은 법리 다툼을 위해 항소할 수 있다고 말했습니다. KBS 뉴스 김영은입니다."""
c1_36512-1,조달청은 불공정 조달행위가 생길 경우 어떻게 하고 있는가?,계약심사협의회에서 내부 심의를 거쳐 부정당업체로 등록을 하고 제재를 실시,doc_0004,1,0.86305,doc_0004,doc_0004_chunk_000,O,"[[the300]기업들 행정가처분 소송도 증가, 조달청 패소율 86%]조달청이 부정당업자를 제재하는 '부정당제재' 건수가 최근 4년 새 2배 가까이 증가한 것으로 확인됐다.28일 국회 기획재정위원회 소속 엄용수 |자유한국당| 의원실이 조달청에서 입수한 자료에 따르면 부정당제재 건수는 2012년 233건이던에서 지난해 442건으로 증가했다. 올해엔 7월까지 324건으로 나타났다.조달청은 불공정 조달행위가 생길 경우 계약심사협의회에서 내부 심의를 거쳐 부정당업체로 등록을 하고 제재를 실시하고 있다.조달청의 행정 처분에 대한 피제재기업의 행정가처분 소송 건수 증가세는 더 가파랐다. 2012년 20건에 불과했던 가처분 소송은 지난해 116건으로 4년만에 5.8배 급증했다. 올해는 7월까지 총 59건 접수됐다. 소송 결과 인용률(조달청 패소율)은 평균 86%에 달한다.부정당제제 행정처분의 원인이 되는 본안 소송도 해마다 늘고 있다. 지난해 본안 소송 건수는 107건에 달했다. 인용률은 28%까지 치솟았다. 본안 소송에서 조달청이 패소했다는 건 소송 제재 자체에 문제가 있었다는 의미다.엄 의원은 ""조달청이 정확한 행정 집행을 통해 업무를 마무리하는 것이 아니라 기업의 소송액 등 부담을 가중시키는 소송을 유발하고 있다""며 ""관련 제도 정비 등 조달행정 선진화를 통해 기업 부담을 가중시키는 소송이 남발하지 않도록 특단의 조치가 필요하다""고 강조했다"
c1_36512-1,조달청은 불공정 조달행위가 생길 경우 어떻게 하고 있는가?,계약심사협의회에서 내부 심의를 거쳐 부정당업체로 등록을 하고 제재를 실시,doc_0004,2,0.845693,doc_0004,doc_0004_chunk_001,X,"를 통해 기업 부담을 가중시키는 소송이 남발하지 않도록 특단의 조치가 필요하다""고 강조했다.조달청 관계자는 ""지방계약법이 개정되면서 지방자치단체의 부정당업자 제재권한이 조달청으로 이관된 것이 조달청 제재건수가 증가한 가장 큰 이유""라고 해명했다. 김평화 기자 peace@mt.co.kr"
c1_36512-1,조달청은 불공정 조달행위가 생길 경우 어떻게 하고 있는가?,계약심사협의회에서 내부 심의를 거쳐 부정당업체로 등록을 하고 제재를 실시,doc_0004,3,0.834839,doc_0058,doc_0058_chunk_001,X,"금속탐지기로 검색을 받아야 하며, 불응하면 부정행위로 간주된다. 또 시험장마다 휴대용 전파감식기를 1대씩 나눠줘 시험실을 무작위로 선정해 휴대전화 사용 여부를 점검하게 되는데, 전파가 이용된 사실이 감지되면 그 교시 시험이 끝난 뒤 휴대용 금속탐지기를 동원, 검색을 실시하게 되고 이에 불응해도 부정행위자가 된다. 아울러 카메라 펜 등 유의사항에 명시된 금지 물품을 1교시가 시작되기 전에 제출하지 않거나, 쉬는 시간과 점심시간에 반입 금지물품 미제출 사실이 적발되더라도부정행위로 처리된다. 필기구도 시험시작 전 나눠주는 컴퓨터용 사인펜과 연필 등을 제외하고 절대 꺼내놔서는 안되며 보청기, 돋보기 등 신체조건이나 의료상 필요한 물품은 매 교시 시험실 감독관의 사전 점검을 받아 휴대할 수 있도록 했다. 이밖에 대리시험을 막기 위해 시험시작 전 감독관이 본인 여부를 확인하게 되는데 수험생 협조 의무가 명시돼 이에 따르지 않으면 `감독관 지시 불이행'으로 역시시험이 무효가 된다."
c1_36512-1,조달청은 불공정 조달행위가 생길 경우 어떻게 하고 있는가?,계약심사협의회에서 내부 심의를 거쳐 부정당업체로 등록을 하고 제재를 실시,doc_0004,4,0.830394,doc_0058,doc_0058_chunk_000,X,"수능시험의 부정행위 유형이 대폭 늘어난데다 처벌 수위도 높아져 수험생들의 주의가 요망된다. 교육인적자원부가 지난 2월28일 발표한 `수능 부정행위 방지 종합대책'(시안)에서 시험시간 화장실에 가면서 금속탐지기 검색에 응하지 않거나 쉬는 시간에 반입금지 물품을 갖고 있다 적발되는 경우 등도 전부 부정행위로 간주하기로 했기 때문. 또 `단순 부정행위'는 해당 시험만 무효 처리되지만 `계획적 부정행위'는 1년간추가로 응시자격이 제한되고 `상습적 부정행위'는 향후 2년간 응시가 금지된다. 교육부가 지난해까지 `수험생 유의사항' 등에서 제시한 부정행위 유형은 △소형무전기나 핸드폰, 호출기(삐삐) 등 통신기기를 소지하고 있거나 이를 이용한 부정행위 △대리시험 △다른 수험생에게 답안을 보여줄 것을 강요하는 행위 △다른 수험생의 답안지를 보거나 보여주는 행위 △다른 수험생과 쪽지를 교환하거나 손동작, 소리 등으로 신호를 주고 받는 행위 △시험 종료령이 울린 뒤에도 계속 답안을 작성하는 행위 △4교시 탐구영역의 경우 선택과목 시간별로 해당 과목의 문제지가 아닌 다른 문제지를 보고 있는 행위 △기타 시험 감독관 지시에 따르지 않는 행위 등. 여기에 올해부터 시험시간 중 화장실에 가거나 시험시간 때 금지 물품을 휴대한의심을 받은 수험생은 복도 감독관으로부터 휴대용 금속탐지기로 검색을 받아야 하며, 불응하면 부정행위로 간주된다. 또 시험장마다 휴대용 전파"
c1_36512-1,조달청은 불공정 조달행위가 생길 경우 어떻게 하고 있는가?,계약심사협의회에서 내부 심의를 거쳐 부정당업체로 등록을 하고 제재를 실시,doc_0004,5,0.824595,doc_0112,doc_0112_chunk_000,X,"지율스님이 매번 청와대 근처에서 단식농성을 하는 건 바로 이 약속을 지키라는묵언의 시위인 셈이다. 곽결호 환경부 장관의 약속 위반도 마찬가지 이유에서 그의비난을 받았다. ◆해결책 없나= 현재로선 지율스님의 생명을 살리면서 합리적인 해결책을 찾을수 있는 가능성은 그리 크지 않은게 사실이다. 지율스님은 ‘3개월 발파공사 중지 및 환경영향 공동 조사’라는 제의를 해놓고정부 답변을 기다리던 지난달 20일 와 만나 “나로서는 물러설만큼 물러섰다. 정부가 받아들이지 않는다면 답답한 건 내가 아니라 정부다”라고 말했다. 이는 기존의 ‘선조사, 후공사’ 요구와 비교할 때 사실상 ‘공사 중지 요구’는 포기한 것이나 마찬가지라는게 측근들의 설명이다. 해결책을 찾는다면 ‘환경영향 공동 조사와 이를 위한 공사 일정 조정’ 정도에서찾아야 했는데 정부가 “일개인 때문에 국책사업을 자꾸만 중단한다는게 말이 되느냐”는 여론을 의식, 공동 조사마저 거부하는 바람에 사태가 악화될 대로 악화됐다는것. 한나라당과 민주노동당 등 야당 의원들이 ‘환경영향평가 재실시’ 결의안 상정등을 약속하고 있는 것은 이 점을 의식한 행동으로 풀이된다. 하지만 정부가 이를 받아들일 가능성이 적은데다 100일을 앞둔 시점이어서 이미늦은게 아니냐는 관측마저 나오고 있다. 지율스님측 이동준 변호사는 최근 “나를 비롯해서 스님과 가까운 이들도 스님을만날 때마다 단식을 풀라고 간곡히 부탁했지만 소"
c1_36513-1,조달청 관계자가 밝힌 조달청 제재건수가 증가한 가장 큰 이유는?,지방계약법이 개정되면서 지방자치단체의 부정당업자 제재권한이 조달청으로 이관된 것,doc_0004,1,0.897803,doc_0004,doc_0004_chunk_001,O,"를 통해 기업 부담을 가중시키는 소송이 남발하지 않도록 특단의 조치가 필요하다""고 강조했다.조달청 관계자는 ""지방계약법이 개정되면서 지방자치단체의 부정당업자 제재권한이 조달청으로 이관된 것이 조달청 제재건수가 증가한 가장 큰 이유""라고 해명했다. 김평화 기자 peace@mt.co.kr"
c1_36513-1,조달청 관계자가 밝힌 조달청 제재건수가 증가한 가장 큰 이유는?,지방계약법이 개정되면서 지방자치단체의 부정당업자 제재권한이 조달청으로 이관된 것,doc_0004,2,0.887689,doc_0004,doc_0004_chunk_000,X,"[[the300]기업들 행정가처분 소송도 증가, 조달청 패소율 86%]조달청이 부정당업자를 제재하는 '부정당제재' 건수가 최근 4년 새 2배 가까이 증가한 것으로 확인됐다.28일 국회 기획재정위원회 소속 엄용수 |자유한국당| 의원실이 조달청에서 입수한 자료에 따르면 부정당제재 건수는 2012년 233건이던에서 지난해 442건으로 증가했다. 올해엔 7월까지 324건으로 나타났다.조달청은 불공정 조달행위가 생길 경우 계약심사협의회에서 내부 심의를 거쳐 부정당업체로 등록을 하고 제재를 실시하고 있다.조달청의 행정 처분에 대한 피제재기업의 행정가처분 소송 건수 증가세는 더 가파랐다. 2012년 20건에 불과했던 가처분 소송은 지난해 116건으로 4년만에 5.8배 급증했다. 올해는 7월까지 총 59건 접수됐다. 소송 결과 인용률(조달청 패소율)은 평균 86%에 달한다.부정당제제 행정처분의 원인이 되는 본안 소송도 해마다 늘고 있다. 지난해 본안 소송 건수는 107건에 달했다. 인용률은 28%까지 치솟았다. 본안 소송에서 조달청이 패소했다는 건 소송 제재 자체에 문제가 있었다는 의미다.엄 의원은 ""조달청이 정확한 행정 집행을 통해 업무를 마무리하는 것이 아니라 기업의 소송액 등 부담을 가중시키는 소송을 유발하고 있다""며 ""관련 제도 정비 등 조달행정 선진화를 통해 기업 부담을 가중시키는 소송이 남발하지 않도록 특단의 조치가 필요하다""고 강조했다"
c1_36513-1,조달청 관계자가 밝힌 조달청 제재건수가 증가한 가장 큰 이유는?,지방계약법이 개정되면서 지방자치단체의 부정당업자 제재권한이 조달청으로 이관된 것,doc_0004,3,0.846934,doc_0036,doc_0036_chunk_000,X,"금융위원회가 부과하는 과징금·과태료 수납률이 저조해 개선방안이 필요하다는 지적이 나왔다. 국회예산정책처가 최근 펴낸 '2011회계연도 결산 분석 종합' 보고서에 따르면 지난해 금융위가 공시위반 기업 등에 부과한 과징금 및 과태료는 총 421억5000만원에 달했지만 실제 걷힌 금액은143억100만원으로 수납률이 33.9%에 달했다. 과징금은 징수결정액 401억1200만원 중 133억3200만원이 수납돼 수납률이 33.2%에 그쳤고, 과태료도 20억3800만원중 9억6900만원만 걷혀 수납률이 47.5%에 머물렀다. 이처럼 징수실적이 저조한 것은 과징금 대부분 법인이 납부자인데 과징금 부과조치를 받는 시점이면 이미 폐업이나 상장폐지 단계에 이르러 납부능력을 상실하는 경우가 많기 때문이다. 이 때문에 과징금 수납률은 2008년 이후 매년 50%를 밑돌고 있다. 이에 따라 보고서는 금융위가 전담인력을 증원하거나 국세청에 위탁해 수납하는 방법 등 적극적인 체납관리체계를 구축하기 위해 노력할 필요가 있다고 지적했다. 보고서는 또 금융위의 금융중심지 추진사업 실적이 저조하다며 실적 제고방안 마련의 필요성을 제기했다. 금융중심지 추진사업은 금융중심지로 지정된 서울과 부산에 해외 금융기관이 진출하도록 도움을 주기 위한 것으로 지난해에 보조금으로 7억2300만원의 예산이 책정되기도 했다. 하지만 서울금융중심지 입주기업 현황 분석 결과 외국금융사 신규유"
c1_36513-1,조달청 관계자가 밝힌 조달청 제재건수가 증가한 가장 큰 이유는?,지방계약법이 개정되면서 지방자치단체의 부정당업자 제재권한이 조달청으로 이관된 것,doc_0004,4,0.845754,doc_0137,doc_0137_chunk_000,X,"5개분야 설문 11개항구중 8등 연간 물동량 처리 순위가 국내 2~3위인 울산항이 규모에 걸맞지 않게 이용 고객들의 서비스 만족도는 매우 낮은 수준으로 나타나 대대적인 개선책이 시급하다. 해양수산부는 지난해 11~12월 전국 11개 지역 해양청별로 항만 이용 고객 283명을 대상으로 고객 만족도를 설문조사했더니, 울산청은 부산·포항·군산청에 이어 네번째로 낮았다고 18일 밝혔다. △서비스 제공 자세 △입·출항 및 정보 서비스 △항만시설 사용 △항만 청결 및 안전도 △업체 및 단체 서비스 등 5개 분야에 걸쳐 이뤄진 조사 결과, 울산청은 종합점수 62.29점을 얻어 1위를 차지한 목포청의 78.05점에 무려 16.21점이나 뒤졌다. 또 물동량 처리 순위에서 치열한 경쟁을 벌이고 있는 여수청(65.26점)과 인천청(67.26점) 보다도 2.97~4.97점 낮았다. 종합점수를 5점 만점으로 환산한 평점에서도 울산청은 3.1점으로 군산청(3.0점)에 이어 두번째로 낮았다. 부산청은 종합점수는 최하위였으나 평점에선 항만공사가 항만을 운영하고 있는 점이 고려돼 울산청보다 높은 3.3점을 받았다. 또 현대리서치연구소가 해양수산부의 의뢰에 따라 지난해 5~11월 각 지역 해양청 민원 신청인 가운데 다달이 200명을 뽑아 민원행정 서비스 만족도를 전화로 조사한 결과, 울산청은 77.1점을 받아 마산·여수청과 더불어 중간 수준에 머물렀다. 반면, 울산"
c1_36513-1,조달청 관계자가 밝힌 조달청 제재건수가 증가한 가장 큰 이유는?,지방계약법이 개정되면서 지방자치단체의 부정당업자 제재권한이 조달청으로 이관된 것,doc_0004,5,0.843893,doc_0085,doc_0085_chunk_000,X,"미국이 대북제재를 위한 유엔 안전보장이사회(안보리) 블랙리스트 강화에 나섰지만 중국이 입장 표명을 지연하고 있다고 로이터통신이 3일 보도했다. 미국은 지난달 23일 “원유를 얻고 석탄을 팔려는 북한의 불법 해상 밀수를 차단하기 위한 것”이라며 선박 33척과 선박회사 27곳, 대만 남성 1명을 블랙리스트로 지정해 달라고 안보리에 요청했다. 하지만 중국은 미국의 요청을 뚜렷한 이유 표명 없이 보류하고 있다. 보류는 안보리 이사국이 추가 정보를 요구할 경우 사용할 수 있지만 요청을 영구적으로 차단시킬 목적으로 사용되기도 한다. 안보리 제재 결정은 중국과 러시아를 포함한 상임이사국이 만장일치로 찬성해야 이뤄진다. 미국의 요청이 통과되면 북한 선박 19척을 포함한 선박 33척은 국제항에 입항할 수 없다. 선박회사 27곳과 대만 남성 1명은 자산 동결 대상이 된다. 한편 미국은 지난해 12월에도 대북제재를 위반한 것으로 의심되는 선박 10척에 대해 안보리 제재를 요구했지만, 중국의 반대 등으로 최종 4척만 블랙리스트에 올랐다. 박세원 기자 sewonpark@kmib.co.kr"
c1_81296-1,화성 탐사 로버인 오퍼튜니티는 누가 만든거야?,NASA,doc_0005,1,0.875187,doc_0005,doc_0005_chunk_000,O,"◈ NASA의 화성 탐사 로버인 오퍼튜니티(Opportunity)가 화성 표면에서 운석으로 보이는 특이한 암석을 발견했다. 탐사 로버는 약 2주 전, 지난 2004년 1월에 화성으로 하강할 때 사용된 열 차폐 방패(heat shield)에 접근하면서 이 암석을 처음 발견했다. 약 감자 하나만한 크기의 이 암석은 표면이 울퉁불퉁한 홈이 파여 있기 때문에 지상 관제소 사람들의 관심을 받았다. 오퍼튜니티의 적외선 분광계인 Mini-TES의 분석에 따르면, 이 암석에서는 화성 암석에서 나오는 전형적인 열 적외선이 나오지 않았기 때문에, 과학자들은 이것이 금속 성분이 많이 포함된 운석인 것으로 생각하고 있다. 오퍼튜니티호는 주말 동안 이 암석 근처에 머물면서 이것이 운석인지를 확실하게 알아낼 것이다."
c1_81296-1,화성 탐사 로버인 오퍼튜니티는 누가 만든거야?,NASA,doc_0005,2,0.819206,doc_0168,doc_0168_chunk_000,X,"“태권도 기술·정신 함께 담아낼 터” “우리 프로젝트의 근본은 태권도 정신이다. 요새처럼 컴퓨터 게임의 버튼 하나로 적을 죽일 수 있는 시대에 태권도 정신의 의미는 크다고 생각한다. 정정당당히 겨뤄 승부를 내는 것을 말한다. 이런 게임문화에 익숙한 서유럽쪽에 한국의 태권도 정신을 느끼게 하는 작품을 만들겠다.” 경기도 문화의전당이 기획·제작해 오는 5월 말 서울에서 첫선을 보이는 태권도 소재 넌버벌 퍼포먼스 〈달밤의 기사〉(가제)의 연출을 맡은 키르키스탄 출신의 세계적인 연출가 빅토르 크라메르(43)가 28일 기자회견에서 “태권도의 화려한 기술적인 면 뿐만 아니라 태권도 고유의 정신적인 면을 잘 조화시키겠다”고 밝혔다. 빅토르 크라메르는 〈슬라바 프로닌의 스노우쇼〉와 〈판타지아-바람을 기다리는 여섯 사람〉 등의 작품으로 영국 ‘로렌스 올리비에 기념 최고연극상’, 에딘버러 페스티벌의 ‘에딘버러 프린지 퍼스트’, 러시아 민족상 ‘황금마스크’ 연출상 등을 수상하고 세계의 이름난 페스티벌과 연극제에 초청된 세계적인 연출가이다. 그는 “태권도는 동양적인 것에 매우 관심이 많은 유럽인들도 흥미를 가질 수 있는 소재”라면서 “서양과 동양의 양문화의 매개체가 될 수 있는 공연을 만들 수 있을 것 같다는 확신이 들었다”고 말했다. 그는 태권도를 이해하기 위해 지난해 12월부터 두 차례 한국을 방문하면서 한국의 구석구석을 보아왔고 많은 태권도 관련 테"
c1_81296-1,화성 탐사 로버인 오퍼튜니티는 누가 만든거야?,NASA,doc_0005,3,0.814427,doc_0118,doc_0118_chunk_000,X,"[엑스포츠뉴스 전아람 기자] 래퍼 자메즈(Ja Mezz)가 첫 정규앨범 'GOØDevil' 의 수록곡을 공개했다.15일 오후 6시, 자메즈의 첫 정규 앨범 'GOØDevil'의 선공개 싱글이 발표됐다. '연금술(?金術)'은 도끼와 송민호가 참여하고 뱅그로즈가 프로듀싱했으며 '토르크막토(toruk makto)'는 박재범, 스컬, 쿤타가 참여하고 그루비룸이 프로듀싱한 곡이다.'연금술'은 일본의 애니메이션 '강철의 연금술사'에서 영감을 받았고 그에 대한 오마주를 담은 애니메이션 뮤직비디오가 제작됐다. '토르크막토'는 영화 '아바타'에서 영감을 받았다. 데뷔 5년차를 맞은 자메즈의 이번 정규앨범의 제목은 'God(신)'과 'Devil(악 마)', 또는 'Good(선)'과 'Evil(악)'의 합성어로 음반은 이들의 공존과 대비, 그 당위와 존재에 관한 의문과 감상을 담았다.자메즈는 이번 정규 음반을 위해 2년에 가까운 작업기간을 갖고 각고의 공을 들였다. 그는 그간 EP앨범과 10장 이상의 싱글앨범을 발표했으나 정규앨범 발표는 이번이 처음이다. 자메즈는 개성 있는 자신만의 예술 세계를 꾸준히 구축해온 아티스트로 평가받는다. 그는 데뷔 초부터 여타 아티스트와는 자신을 확실하게 구분할 수 있는 철학과 세계관, 비주얼과 스타일을 자신의 음악, 가사, 비디오, 아트워크 등을 통해 녹여왔다. 또 이런 모습을 통해 자메즈는 힙합씬에서 독자적인 입지를 다"
c1_81296-1,화성 탐사 로버인 오퍼튜니티는 누가 만든거야?,NASA,doc_0005,4,0.811084,doc_0111,doc_0111_chunk_000,X,"""미리 정해놓은 명령을 수행해 댓글 추천을 자동으로 하는 매크로 프로그램, 이 &매크로&를 드루킹 김 모 씨 등이 언제 무슨 돈으로 입수했는지가 주요 수사대상으로 떠오르고 있습니다. 보도에 이승재 기자입니다. [리포트] 지난 1월 일명 &드루킹&, 김 모 씨 등이 댓글 공감수를 조작하던 당시로 보이는 화면입니다. 10초 만에 공감수가 1800에서 2000대로 급증합니다. 경찰 조사 결과, 드루킹 김 씨가 매크로를 입수한 시기는 1월 15일입니다. 범행 이틀 전입니다. 앞서 드루킹은 지난해 7월에도 매크로를 이용해 팟캐스트 방송 순위를 끌어올리려 했다는 의혹도 제기됐습니다. [팟캐스트 업체 관계자 : 이상 트래픽이나 다운로드 그런 걸 감지하고 있거든요. 그분이 (매크로) 프로그램을 돌렸다는 것도 지금 추정만 하고 있는거 거든요...] 취재진은 김 씨가 사용한 매크로가 어느 정도의 성능일지 IT전문가 8명에게 질의했습니다. 네이버 같은 대형 포털의 보안망을 뚫으려면 최소한 중급 이상의 기능일 거라는 게 일치된 분석이었습니다. [최윤성/고려대학교 소프트웨어보안 국제공동연구센터 실장 : 네이버에서 어뷰징이라고 하는데 반복적으로 클릭 수나 조회수를 올리는 걸 방어하는 그런 방어 체계가 있잖습니까. 그것을 우회하기 위한 인증을 우회할 수 있는 그런 추가적인 기능들이 매크로에는 사용이 됐다고 보입니다.] 이런 수준의 매크로를 구하려면 최소 수천만"
c1_81296-1,화성 탐사 로버인 오퍼튜니티는 누가 만든거야?,NASA,doc_0005,5,0.810451,doc_0054,doc_0054_chunk_000,X,"노벨 생리의학상 수상자의 산실로 꼽히는 세계생화학분자생물학회’(IUBMB)와 ‘암대사 심포지움’(CMS)이 오늘 6월 서울에서 개최된다. 한국생화학분자생물학회(KSBMB)는 ‘2018 IUBMB 서울대회’를 6월7일 코엑스에서, ㈜하임바이오(대표 김홍렬)가 후원하는 암대사심포지움을 6월8일 연세대 에비슨의생명연구원에서 잇따라 개최한다고 27일 발표했다. 이 대회는 세계 분자생물학 올림픽으로 불린다. 미국의 유명 암 전문병원인 메모리얼 슬로언 케터링 암센터(Memorial Sloan Kettering Cancer Center)의 대표이사인 크레이그 톰슨(Craig Thompson) 교수, 펜실베니아대학(Univ. Pennsylvania) 암센터 원장인 치 당(Chi Dang) 교수 등 전세계 유명 생화학자들과 의료분야 종사자 3000여 명이 대거 참가해서다. KSBMB는 2012년 스페인 세빌리아에서 열린 제22차 IUBMB 총회 때 경쟁국 체코를 접전끝에 누르고 서울시로 2018 총회를 서울로 유치하는데 성공했다. IUBMB는 1955년 창립된 이래 75개국의 생화학자와 분자생물학자들이 일원으로 활약하고 있으며, 많은 과학자들이 본 학회에서 기조강연 후 노벨상을 수상할 정도로 세계적인 권위를 지니고 있다. 이기수 의학전문기자 kslee@kmib.co.kr"
c1_81297-1,오퍼튜니티는 언제 화성으로 하강했어?,2004년 1월,doc_0005,1,0.874543,doc_0005,doc_0005_chunk_000,O,"◈ NASA의 화성 탐사 로버인 오퍼튜니티(Opportunity)가 화성 표면에서 운석으로 보이는 특이한 암석을 발견했다. 탐사 로버는 약 2주 전, 지난 2004년 1월에 화성으로 하강할 때 사용된 열 차폐 방패(heat shield)에 접근하면서 이 암석을 처음 발견했다. 약 감자 하나만한 크기의 이 암석은 표면이 울퉁불퉁한 홈이 파여 있기 때문에 지상 관제소 사람들의 관심을 받았다. 오퍼튜니티의 적외선 분광계인 Mini-TES의 분석에 따르면, 이 암석에서는 화성 암석에서 나오는 전형적인 열 적외선이 나오지 않았기 때문에, 과학자들은 이것이 금속 성분이 많이 포함된 운석인 것으로 생각하고 있다. 오퍼튜니티호는 주말 동안 이 암석 근처에 머물면서 이것이 운석인지를 확실하게 알아낼 것이다."
c1_81297-1,오퍼튜니티는 언제 화성으로 하강했어?,2004년 1월,doc_0005,2,0.804555,doc_0200,doc_0200_chunk_000,X,"◈ 과거 지구가 우주의 먼지 구름을 통과하면서 급속히 냉각됐을지도 모른다는 새로운 이론이 나왔다. 이에 따르면, 먼지 구름에 의해 지구 전체가 완전하게 얼음으로 뒤덮였다는 것이다. 미국과 러시아 과학자들은 성간 먼지가 지구 대기에 축적되어 지구를 냉각시켰으며, 이로 인해 지구 전체가 눈에 덮였을 것이라고 주장하고 있다. University of Colorado의 Alexander Pavlov와 그의 동료들은 이러한 우주 먼지에 의한 기후 냉각이 반드시 일어난다고 주장했다. 지난 20억 년 동안 태양계가 적어도 두 번 이상 “눈 덮인 지구(Snowball Earth)”를 만들만큼의 우주 먼지를 지나갔으며, 6억 년에서 7억 5천만년 사이에 이러한 냉각이 일어났다는 것이다. 우리 은하에는 수많은 분자 상태의 구름이 있으며 이들이 뭉쳐서 먼지 입자로 변한다. 태양계는 은하 속을 움직이면서 1억 년에서 10억 년에 한번 꼴로 우주 먼지 구름을 지나간다. 먼지 입자는 태양 빛을 우주로 반사시키면서 지구에서 나오는 열을 우주로 통과시킨다. 결국 먼지 입자는 지구온난화를 일으키는 온실가스와 정확히 반대의 역할을 하는 것이다. 출처 : KISTI의 과학향기"
c1_81297-1,오퍼튜니티는 언제 화성으로 하강했어?,2004년 1월,doc_0005,3,0.791315,doc_0024,doc_0024_chunk_001,X,tion.com)와 페이스북(www.facebook.com/INT.spaceout.competition)에서 신청할 수 있다. 당일 결원이 생기면 현장에서 추첨해 충원한다. 최종 참가자는 10일 낮 12시 한강사업본부 홈페이지 새 소식란에서 발표되며 개별 통보도 된다. 대회 당일 비가 오거나 미세먼지·황사 주의보 및 경보 발령 땐 일주일 뒤인 29일 같은 시간 같은 장소에서 진행된다. 권중혁 기자 green@kmib.co.kr
c1_81297-1,오퍼튜니티는 언제 화성으로 하강했어?,2004년 1월,doc_0005,4,0.786065,doc_0024,doc_0024_chunk_000,X,"말도, 생각도, 행동도 하지 않아야 한다. 숨 쉬는 것 외에는 웬만하면 아무것도 하지 않아야 한다. 그래야 우승할 수 있다. 서울시는 이달 22일 오후 3시부터 6시까지 여의도한강공원 너른들판에서 ‘2018 한강 멍 때리기 대회’를 개최한다고 3일 밝혔다. 올해로 3회째인 대회는 ‘아무것도 하지 않는 것도 가치 있는 행위’라는 알리는 일종의 ‘단체 퍼포먼스’다. 할 게 넘쳐나고 급변하는 세상에서 살아가는 누군가에겐 휴식과 치료의 의미가 있다. 대회의 우승방법은 간단하다. 90분간 ‘멍 때리면’ 된다. 어떤 행동도 생각도 하지 않고 있으면 주최 측이 15분마다 참가자들의 심박 수를 측정해간다. 이를 그래프로 만드는데, 가장 안정적이거나 점진적으로 하향곡선을 나타내면 높은 점수를 받을 수 있다. 여기에 현장 시민 투표가 합산돼 1~3위를 선정한다. 선수는 대회 도중 말을 할 수 없다. 대신 빨간 카드(졸릴 때 마사지 서비스), 파랑 카드(목마를 때 물 서비스), 노랑 카드(더우면 부채질 서비스), 검정 카드(기타 불편사항) 등으로 의사를 전달하면 진행요원이 서비스를 제공한다. 또 멍 때리는 데 실패하면 경기장 밖으로 끌려나간다. 올해 대회에는 150명의 참가자를 선발한다. 이날 낮 12시부터 4일 자정까지 홈페이지(www.spaceoutcompetition.com)와 페이스북(www.facebook.com/INT.spaceout.comp"
c1_81297-1,오퍼튜니티는 언제 화성으로 하강했어?,2004년 1월,doc_0005,5,0.783591,doc_0072,doc_0072_chunk_000,X,"""의료 과실로 가수 신해철 씨를 사망하게 한 의사 강 모 씨에게 징역 1년의 실형이 확정됐습니다. 일단 강 씨의 의사 면허는 취소되지만 형을 마치고 일정 기간이 지나면 다시 의료 행위를 할 수도 있습니다. 현행 의료법 규정 때문인데, 김유대 기자가 자세히 살펴봤습니다. [리포트] 가수 신해철 씨를 숨지게 한 혐의로 기소된 의사 강 모 씨에게 실형이 확정됐습니다. 징역 1년입니다. [박진웅/대법원 공보관 : 의사로서 주의 의무를 위반해 복막염에 대한 진단과 처지를 지연함으로써 피해자를 사망에 이르게 한 과실을 인정해 유죄를 확정한 사건입니다.] 강씨가 1년 형기를 마치면 의사 활동을 재개할 수 있을까? 일단 불가능합니다. 강 씨에게 적용된 혐의는 과실치사와 의료기록 누설 혐의인데, 현행법상 의료기록을 누설해 실형을 선고받으면 의사 면허를 취소하게 돼 있습니다. 하지만 영구적인 건 아닙니다. 나중에 면허 재교부를 신청하면 대부분 받아들여지기 때문입니다. 실제로 여성에게 약물을 투여하고, 시신을 유기한 혐의로 징역 1년 6개월을 복역한 산부인과 의사는 형기를 마치고 3년 뒤 면허가 다시 주어졌습니다. [신현호/KBS 자문변호사 : (의사의 경우) 살인이나 강도, 강간, 시체 유기 같은 중대한 범죄를 저지르고 실형을 선고 받는다 하더라도 면허를 취소시킬 수가 없습니다.] 마취 중인 여성 환자들을 상습 성폭행하고 징역 5년을 선고받은 의사는"
c1_81298-1,탐사 로버 오퍼튜니티는 어디서 탐사중이야?,화성,doc_0005,1,0.872216,doc_0005,doc_0005_chunk_000,O,"◈ NASA의 화성 탐사 로버인 오퍼튜니티(Opportunity)가 화성 표면에서 운석으로 보이는 특이한 암석을 발견했다. 탐사 로버는 약 2주 전, 지난 2004년 1월에 화성으로 하강할 때 사용된 열 차폐 방패(heat shield)에 접근하면서 이 암석을 처음 발견했다. 약 감자 하나만한 크기의 이 암석은 표면이 울퉁불퉁한 홈이 파여 있기 때문에 지상 관제소 사람들의 관심을 받았다. 오퍼튜니티의 적외선 분광계인 Mini-TES의 분석에 따르면, 이 암석에서는 화성 암석에서 나오는 전형적인 열 적외선이 나오지 않았기 때문에, 과학자들은 이것이 금속 성분이 많이 포함된 운석인 것으로 생각하고 있다. 오퍼튜니티호는 주말 동안 이 암석 근처에 머물면서 이것이 운석인지를 확실하게 알아낼 것이다."
c1_81298-1,탐사 로버 오퍼튜니티는 어디서 탐사중이야?,화성,doc_0005,2,0.821913,doc_0146,doc_0146_chunk_000,X,"법무부는 8일 프랑스의 열차 제작업체 로르 그룹의 로베르 로르 회장이 서울의 공개된 장소에서 김우중 전 대우그룹 회장을 만났다는 외신보도와 관련, ""가능성이 매우 희박하다""는 반응을 보였다. 길태기 법무부 공보관은 ""김우중씨 명의로 된 한국 여권과 프랑스 여권을 모두확인한 결과, 김우중 전 회장이 출국한 이후 어느 쪽 여권으로도 귀국한 적이 없는것으로 확인됐다""고 밝혔다. 법무부 출입국관리국 고위관계자도 ""김우중 전 회장 정도의 인물이라면 설령 위조여권을 가지고 있었더라도 출입국 직원이 못알아봤을리 없다""며 ""요인들의 출입국내역은 모두 보고를 받는데 김우중 전 회장에 대해서는 전혀 보고받은 바 없다""고말했다. 대검 중수부도 김우중 전 회장이 사기대출 혐의로 기소중지된 상태이기 때문에한국에 입국했다면 통보조치가 있었을 것이라면서 김 전 회장의 입국설에 회의적인반응을 보였다. 검찰 관계자는 ""김 전 회장은 외교통상부와 재외 공관을 통해 인터폴에 소재파악 수사를 의뢰해둔 상태""라며 ""만약 김 전 회장이 국내에 들어오려한다면 변호인을통해 사전 조율을 했을텐데 그런 움직임이 전혀 없었다""고 말했다. 앞서 프랑스 일간 리베라시옹은 로르 회장의 말을 인용, 로르 회장이 한국에서사업을 위해 김 전 회장을 고문역으로 고용했으며 로르 회장은 2003년 이래 김 전회장을 최소 세 번 만났는데 회동 장소 중 한 곳이 서울이었다고 전했다. 1999년 10월"
c1_81298-1,탐사 로버 오퍼튜니티는 어디서 탐사중이야?,화성,doc_0005,3,0.815923,doc_0054,doc_0054_chunk_000,X,"노벨 생리의학상 수상자의 산실로 꼽히는 세계생화학분자생물학회’(IUBMB)와 ‘암대사 심포지움’(CMS)이 오늘 6월 서울에서 개최된다. 한국생화학분자생물학회(KSBMB)는 ‘2018 IUBMB 서울대회’를 6월7일 코엑스에서, ㈜하임바이오(대표 김홍렬)가 후원하는 암대사심포지움을 6월8일 연세대 에비슨의생명연구원에서 잇따라 개최한다고 27일 발표했다. 이 대회는 세계 분자생물학 올림픽으로 불린다. 미국의 유명 암 전문병원인 메모리얼 슬로언 케터링 암센터(Memorial Sloan Kettering Cancer Center)의 대표이사인 크레이그 톰슨(Craig Thompson) 교수, 펜실베니아대학(Univ. Pennsylvania) 암센터 원장인 치 당(Chi Dang) 교수 등 전세계 유명 생화학자들과 의료분야 종사자 3000여 명이 대거 참가해서다. KSBMB는 2012년 스페인 세빌리아에서 열린 제22차 IUBMB 총회 때 경쟁국 체코를 접전끝에 누르고 서울시로 2018 총회를 서울로 유치하는데 성공했다. IUBMB는 1955년 창립된 이래 75개국의 생화학자와 분자생물학자들이 일원으로 활약하고 있으며, 많은 과학자들이 본 학회에서 기조강연 후 노벨상을 수상할 정도로 세계적인 권위를 지니고 있다. 이기수 의학전문기자 kslee@kmib.co.kr"
c1_81298-1,탐사 로버 오퍼튜니티는 어디서 탐사중이야?,화성,doc_0005,4,0.811549,doc_0111,doc_0111_chunk_000,X,"""미리 정해놓은 명령을 수행해 댓글 추천을 자동으로 하는 매크로 프로그램, 이 &매크로&를 드루킹 김 모 씨 등이 언제 무슨 돈으로 입수했는지가 주요 수사대상으로 떠오르고 있습니다. 보도에 이승재 기자입니다. [리포트] 지난 1월 일명 &드루킹&, 김 모 씨 등이 댓글 공감수를 조작하던 당시로 보이는 화면입니다. 10초 만에 공감수가 1800에서 2000대로 급증합니다. 경찰 조사 결과, 드루킹 김 씨가 매크로를 입수한 시기는 1월 15일입니다. 범행 이틀 전입니다. 앞서 드루킹은 지난해 7월에도 매크로를 이용해 팟캐스트 방송 순위를 끌어올리려 했다는 의혹도 제기됐습니다. [팟캐스트 업체 관계자 : 이상 트래픽이나 다운로드 그런 걸 감지하고 있거든요. 그분이 (매크로) 프로그램을 돌렸다는 것도 지금 추정만 하고 있는거 거든요...] 취재진은 김 씨가 사용한 매크로가 어느 정도의 성능일지 IT전문가 8명에게 질의했습니다. 네이버 같은 대형 포털의 보안망을 뚫으려면 최소한 중급 이상의 기능일 거라는 게 일치된 분석이었습니다. [최윤성/고려대학교 소프트웨어보안 국제공동연구센터 실장 : 네이버에서 어뷰징이라고 하는데 반복적으로 클릭 수나 조회수를 올리는 걸 방어하는 그런 방어 체계가 있잖습니까. 그것을 우회하기 위한 인증을 우회할 수 있는 그런 추가적인 기능들이 매크로에는 사용이 됐다고 보입니다.] 이런 수준의 매크로를 구하려면 최소 수천만"
c1_81298-1,탐사 로버 오퍼튜니티는 어디서 탐사중이야?,화성,doc_0005,5,0.810175,doc_0024,doc_0024_chunk_000,X,"말도, 생각도, 행동도 하지 않아야 한다. 숨 쉬는 것 외에는 웬만하면 아무것도 하지 않아야 한다. 그래야 우승할 수 있다. 서울시는 이달 22일 오후 3시부터 6시까지 여의도한강공원 너른들판에서 ‘2018 한강 멍 때리기 대회’를 개최한다고 3일 밝혔다. 올해로 3회째인 대회는 ‘아무것도 하지 않는 것도 가치 있는 행위’라는 알리는 일종의 ‘단체 퍼포먼스’다. 할 게 넘쳐나고 급변하는 세상에서 살아가는 누군가에겐 휴식과 치료의 의미가 있다. 대회의 우승방법은 간단하다. 90분간 ‘멍 때리면’ 된다. 어떤 행동도 생각도 하지 않고 있으면 주최 측이 15분마다 참가자들의 심박 수를 측정해간다. 이를 그래프로 만드는데, 가장 안정적이거나 점진적으로 하향곡선을 나타내면 높은 점수를 받을 수 있다. 여기에 현장 시민 투표가 합산돼 1~3위를 선정한다. 선수는 대회 도중 말을 할 수 없다. 대신 빨간 카드(졸릴 때 마사지 서비스), 파랑 카드(목마를 때 물 서비스), 노랑 카드(더우면 부채질 서비스), 검정 카드(기타 불편사항) 등으로 의사를 전달하면 진행요원이 서비스를 제공한다. 또 멍 때리는 데 실패하면 경기장 밖으로 끌려나간다. 올해 대회에는 150명의 참가자를 선발한다. 이날 낮 12시부터 4일 자정까지 홈페이지(www.spaceoutcompetition.com)와 페이스북(www.facebook.com/INT.spaceout.comp"
c1_81299-1,오퍼튜니티가 화성 표면에서 발견한건 뭐야?,운석으로 보이는 특이한 암석,doc_0005,1,0.912347,doc_0005,doc_0005_chunk_000,O,"◈ NASA의 화성 탐사 로버인 오퍼튜니티(Opportunity)가 화성 표면에서 운석으로 보이는 특이한 암석을 발견했다. 탐사 로버는 약 2주 전, 지난 2004년 1월에 화성으로 하강할 때 사용된 열 차폐 방패(heat shield)에 접근하면서 이 암석을 처음 발견했다. 약 감자 하나만한 크기의 이 암석은 표면이 울퉁불퉁한 홈이 파여 있기 때문에 지상 관제소 사람들의 관심을 받았다. 오퍼튜니티의 적외선 분광계인 Mini-TES의 분석에 따르면, 이 암석에서는 화성 암석에서 나오는 전형적인 열 적외선이 나오지 않았기 때문에, 과학자들은 이것이 금속 성분이 많이 포함된 운석인 것으로 생각하고 있다. 오퍼튜니티호는 주말 동안 이 암석 근처에 머물면서 이것이 운석인지를 확실하게 알아낼 것이다."
c1_81299-1,오퍼튜니티가 화성 표면에서 발견한건 뭐야?,운석으로 보이는 특이한 암석,doc_0005,2,0.821607,doc_0200,doc_0200_chunk_000,X,"◈ 과거 지구가 우주의 먼지 구름을 통과하면서 급속히 냉각됐을지도 모른다는 새로운 이론이 나왔다. 이에 따르면, 먼지 구름에 의해 지구 전체가 완전하게 얼음으로 뒤덮였다는 것이다. 미국과 러시아 과학자들은 성간 먼지가 지구 대기에 축적되어 지구를 냉각시켰으며, 이로 인해 지구 전체가 눈에 덮였을 것이라고 주장하고 있다. University of Colorado의 Alexander Pavlov와 그의 동료들은 이러한 우주 먼지에 의한 기후 냉각이 반드시 일어난다고 주장했다. 지난 20억 년 동안 태양계가 적어도 두 번 이상 “눈 덮인 지구(Snowball Earth)”를 만들만큼의 우주 먼지를 지나갔으며, 6억 년에서 7억 5천만년 사이에 이러한 냉각이 일어났다는 것이다. 우리 은하에는 수많은 분자 상태의 구름이 있으며 이들이 뭉쳐서 먼지 입자로 변한다. 태양계는 은하 속을 움직이면서 1억 년에서 10억 년에 한번 꼴로 우주 먼지 구름을 지나간다. 먼지 입자는 태양 빛을 우주로 반사시키면서 지구에서 나오는 열을 우주로 통과시킨다. 결국 먼지 입자는 지구온난화를 일으키는 온실가스와 정확히 반대의 역할을 하는 것이다. 출처 : KISTI의 과학향기"
c1_81299-1,오퍼튜니티가 화성 표면에서 발견한건 뭐야?,운석으로 보이는 특이한 암석,doc_0005,3,0.81211,doc_0111,doc_0111_chunk_000,X,"""미리 정해놓은 명령을 수행해 댓글 추천을 자동으로 하는 매크로 프로그램, 이 &매크로&를 드루킹 김 모 씨 등이 언제 무슨 돈으로 입수했는지가 주요 수사대상으로 떠오르고 있습니다. 보도에 이승재 기자입니다. [리포트] 지난 1월 일명 &드루킹&, 김 모 씨 등이 댓글 공감수를 조작하던 당시로 보이는 화면입니다. 10초 만에 공감수가 1800에서 2000대로 급증합니다. 경찰 조사 결과, 드루킹 김 씨가 매크로를 입수한 시기는 1월 15일입니다. 범행 이틀 전입니다. 앞서 드루킹은 지난해 7월에도 매크로를 이용해 팟캐스트 방송 순위를 끌어올리려 했다는 의혹도 제기됐습니다. [팟캐스트 업체 관계자 : 이상 트래픽이나 다운로드 그런 걸 감지하고 있거든요. 그분이 (매크로) 프로그램을 돌렸다는 것도 지금 추정만 하고 있는거 거든요...] 취재진은 김 씨가 사용한 매크로가 어느 정도의 성능일지 IT전문가 8명에게 질의했습니다. 네이버 같은 대형 포털의 보안망을 뚫으려면 최소한 중급 이상의 기능일 거라는 게 일치된 분석이었습니다. [최윤성/고려대학교 소프트웨어보안 국제공동연구센터 실장 : 네이버에서 어뷰징이라고 하는데 반복적으로 클릭 수나 조회수를 올리는 걸 방어하는 그런 방어 체계가 있잖습니까. 그것을 우회하기 위한 인증을 우회할 수 있는 그런 추가적인 기능들이 매크로에는 사용이 됐다고 보입니다.] 이런 수준의 매크로를 구하려면 최소 수천만"
c1_81299-1,오퍼튜니티가 화성 표면에서 발견한건 뭐야?,운석으로 보이는 특이한 암석,doc_0005,4,0.804075,doc_0106,doc_0106_chunk_001,X,"에 대한 시스템을 개발했으며, 투명 반도체 광전 소자의 무전력 동작(Self-powered) 특성을 구현했다. 이 연구팀은 투명한 산화물 반도체의 또 하나의 특징인 전기극성 변화를 모태로 하는 생체의 이온변화 신경망을 닮은 센서(감지) 특성을 개발 중인 것으로 확인됐다. 연구 개발의 파급효과는 매우 다양한 분야로 적용될 것으로 판단된다. 김 준동 교수는 28일 “연구의 결과는 빛의 신호에 따른 초고속 연산 장치로 응용될 것”이라며 “완전 투명 디스플레이 (Display), 투명 광원 (Lighting source)으로 확산 적용돼 거대한 수요와 함께 신시장을 창출할 것”이라고 내다봤다. 인천=정창교 기자 jcgyo@kmib.co.kr"
c1_81299-1,오퍼튜니티가 화성 표면에서 발견한건 뭐야?,운석으로 보이는 특이한 암석,doc_0005,5,0.803571,doc_0118,doc_0118_chunk_000,X,"[엑스포츠뉴스 전아람 기자] 래퍼 자메즈(Ja Mezz)가 첫 정규앨범 'GOØDevil' 의 수록곡을 공개했다.15일 오후 6시, 자메즈의 첫 정규 앨범 'GOØDevil'의 선공개 싱글이 발표됐다. '연금술(?金術)'은 도끼와 송민호가 참여하고 뱅그로즈가 프로듀싱했으며 '토르크막토(toruk makto)'는 박재범, 스컬, 쿤타가 참여하고 그루비룸이 프로듀싱한 곡이다.'연금술'은 일본의 애니메이션 '강철의 연금술사'에서 영감을 받았고 그에 대한 오마주를 담은 애니메이션 뮤직비디오가 제작됐다. '토르크막토'는 영화 '아바타'에서 영감을 받았다. 데뷔 5년차를 맞은 자메즈의 이번 정규앨범의 제목은 'God(신)'과 'Devil(악 마)', 또는 'Good(선)'과 'Evil(악)'의 합성어로 음반은 이들의 공존과 대비, 그 당위와 존재에 관한 의문과 감상을 담았다.자메즈는 이번 정규 음반을 위해 2년에 가까운 작업기간을 갖고 각고의 공을 들였다. 그는 그간 EP앨범과 10장 이상의 싱글앨범을 발표했으나 정규앨범 발표는 이번이 처음이다. 자메즈는 개성 있는 자신만의 예술 세계를 꾸준히 구축해온 아티스트로 평가받는다. 그는 데뷔 초부터 여타 아티스트와는 자신을 확실하게 구분할 수 있는 철학과 세계관, 비주얼과 스타일을 자신의 음악, 가사, 비디오, 아트워크 등을 통해 녹여왔다. 또 이런 모습을 통해 자메즈는 힙합씬에서 독자적인 입지를 다"
c1_81300-1,탐사 로버는 어떻게 화성 표면에서 암석을 처음 발견했어?,화성으로 하강할 때 사용된 열 차폐 방패(heat shield)에 접근하면서,doc_0005,1,0.893149,doc_0005,doc_0005_chunk_000,O,"◈ NASA의 화성 탐사 로버인 오퍼튜니티(Opportunity)가 화성 표면에서 운석으로 보이는 특이한 암석을 발견했다. 탐사 로버는 약 2주 전, 지난 2004년 1월에 화성으로 하강할 때 사용된 열 차폐 방패(heat shield)에 접근하면서 이 암석을 처음 발견했다. 약 감자 하나만한 크기의 이 암석은 표면이 울퉁불퉁한 홈이 파여 있기 때문에 지상 관제소 사람들의 관심을 받았다. 오퍼튜니티의 적외선 분광계인 Mini-TES의 분석에 따르면, 이 암석에서는 화성 암석에서 나오는 전형적인 열 적외선이 나오지 않았기 때문에, 과학자들은 이것이 금속 성분이 많이 포함된 운석인 것으로 생각하고 있다. 오퍼튜니티호는 주말 동안 이 암석 근처에 머물면서 이것이 운석인지를 확실하게 알아낼 것이다."
c1_81300-1,탐사 로버는 어떻게 화성 표면에서 암석을 처음 발견했어?,화성으로 하강할 때 사용된 열 차폐 방패(heat shield)에 접근하면서,doc_0005,2,0.811403,doc_0088,doc_0088_chunk_000,X,"10주년 전면 개정증보판이다. 내용은 대폭 수정했고 사진도 저자가 직접 촬영한 자료로 대체했다. 584쪽에 이르는 만만찮은 분량이지만 내용은 딱딱하지 않다. 저자는 서울신학대 유재덕(기독교교육과) 교수로 2000년 기독교 역사를 쉽게 풀어냈다. 기존 교회사가들이 시대순으로 역사를 정리했다면 유 교수는 일반 세계사와 기독교 역사, 과거와 현재를 넘나들며 기술했다. 역사 속 사건의 배경과 문화에 대해서도 지나치지 않고 세밀히 다루고 있는 것이 특징이다. 유 교수는 17일 국민일보와의 전화통화에서 “역사서 집필에 당시 배경지식과 문화를 담은 것은 오늘의 기독교 역사를 만든 계기를 확인하기 위해서였다”며 “AD 64년 로마의 네로 황제 때 발생한 화재 사건이나 아우구스티누스의 모친 모니카가 아들을 계속 따라다닌 사연 등이 여기에 해당한다”고 말했다. 실제로 유 교수는 로마의 대화재를 조사하기 위해 현장을 답사했다. 그는 “로마는 지금도 여름에 바람이 많이 부는 곳”이라며 “당시 화재는 7월에 발생했는데 강한 바람을 타고 확산돼 일주일간 계속됐다”고 설명했다. 화재는 민심을 험악하게 만들었고 네로 황제는 화마의 원인을 소수 그리스도인에게 돌렸다. 초기 기독교 박해는 이렇게 시작돼 그리스도인은 전 세계로 흩어진다. 이밖에도 마르틴 루터가 부인 카타리나 폰 보라를 너무나 사랑해 신약성경 갈라디아서에 비유했던 이야기, ‘신학대전’을 썼던 토마스 아"
c1_81300-1,탐사 로버는 어떻게 화성 표면에서 암석을 처음 발견했어?,화성으로 하강할 때 사용된 열 차폐 방패(heat shield)에 접근하면서,doc_0005,3,0.801344,doc_0054,doc_0054_chunk_000,X,"노벨 생리의학상 수상자의 산실로 꼽히는 세계생화학분자생물학회’(IUBMB)와 ‘암대사 심포지움’(CMS)이 오늘 6월 서울에서 개최된다. 한국생화학분자생물학회(KSBMB)는 ‘2018 IUBMB 서울대회’를 6월7일 코엑스에서, ㈜하임바이오(대표 김홍렬)가 후원하는 암대사심포지움을 6월8일 연세대 에비슨의생명연구원에서 잇따라 개최한다고 27일 발표했다. 이 대회는 세계 분자생물학 올림픽으로 불린다. 미국의 유명 암 전문병원인 메모리얼 슬로언 케터링 암센터(Memorial Sloan Kettering Cancer Center)의 대표이사인 크레이그 톰슨(Craig Thompson) 교수, 펜실베니아대학(Univ. Pennsylvania) 암센터 원장인 치 당(Chi Dang) 교수 등 전세계 유명 생화학자들과 의료분야 종사자 3000여 명이 대거 참가해서다. KSBMB는 2012년 스페인 세빌리아에서 열린 제22차 IUBMB 총회 때 경쟁국 체코를 접전끝에 누르고 서울시로 2018 총회를 서울로 유치하는데 성공했다. IUBMB는 1955년 창립된 이래 75개국의 생화학자와 분자생물학자들이 일원으로 활약하고 있으며, 많은 과학자들이 본 학회에서 기조강연 후 노벨상을 수상할 정도로 세계적인 권위를 지니고 있다. 이기수 의학전문기자 kslee@kmib.co.kr"
c1_81300-1,탐사 로버는 어떻게 화성 표면에서 암석을 처음 발견했어?,화성으로 하강할 때 사용된 열 차폐 방패(heat shield)에 접근하면서,doc_0005,4,0.798741,doc_0059,doc_0059_chunk_000,X,"[IMG1] 평단 왕양, 남영택 옮김 1만9000원 #케네디 대통령의 아버지인조지프 케네디는 1929년 월스트리트가 붕괴하기 직전에자신의 주식을 모두 팔아치워 위기를 피해갔다.그가 그렇게 할 수 있었던 것은 구두닦이 소년 덕분이었다. 구두닦이 소년은 ""우리도 주식에 투자하면 백만장자가 될 수 있을 거예요""라며 구두를 닦으러 온 조지프에게 흥분해서 떠들었다.경제를 잘 아는 권위자들도 마치 살얼음 위를 걷는 것처럼 투자하고, 그렇게 투자해도 손해를 보지 않고 수익을 거둘지 장담할 수 없는 주식시장. 그 시장에서 구두닦이 소년조차 주식을 안전하고 떼돈을 버는 투자처라고 생각한다면 시장은 이미 과열 단계에 접어들었고 이때야말로 주식 시장을 떠날 시기라고 그는 판단했던 것이다.'환율전쟁'이라는 책을 쓰기도 했던 이 책의 저자 왕양은 독자들에게 묻는다. ""경제 용어를 아는 것만으로 경제 흐름을 읽을 수 있을까."" 이 책에서는 '천하어면'이라는 경제게임의 주인공 겐로쿠를 등장시켜1만 관의 자본을 가지고 어떻게 해야 사업에 성공하고 투자에 성공하는지 독자가 겐로쿠가 되어 그 과정을 터득하는 스토리텔링의 방법을 통해경제를 이야기 하고 있다. 그 과정에서 우리는 각종 경제용어를 배우고 많은 실례를 통해 경제의 흐름을 자연스럽게 익힐 수 있다. 이를 통해 경제를 예측하는 안목을 기를 수 있다는 덤이 이 책의 가장 큰 특징이다 장점이다. 저자 나름의 경제"
c1_81300-1,탐사 로버는 어떻게 화성 표면에서 암석을 처음 발견했어?,화성으로 하강할 때 사용된 열 차폐 방패(heat shield)에 접근하면서,doc_0005,5,0.798235,doc_0111,doc_0111_chunk_000,X,"""미리 정해놓은 명령을 수행해 댓글 추천을 자동으로 하는 매크로 프로그램, 이 &매크로&를 드루킹 김 모 씨 등이 언제 무슨 돈으로 입수했는지가 주요 수사대상으로 떠오르고 있습니다. 보도에 이승재 기자입니다. [리포트] 지난 1월 일명 &드루킹&, 김 모 씨 등이 댓글 공감수를 조작하던 당시로 보이는 화면입니다. 10초 만에 공감수가 1800에서 2000대로 급증합니다. 경찰 조사 결과, 드루킹 김 씨가 매크로를 입수한 시기는 1월 15일입니다. 범행 이틀 전입니다. 앞서 드루킹은 지난해 7월에도 매크로를 이용해 팟캐스트 방송 순위를 끌어올리려 했다는 의혹도 제기됐습니다. [팟캐스트 업체 관계자 : 이상 트래픽이나 다운로드 그런 걸 감지하고 있거든요. 그분이 (매크로) 프로그램을 돌렸다는 것도 지금 추정만 하고 있는거 거든요...] 취재진은 김 씨가 사용한 매크로가 어느 정도의 성능일지 IT전문가 8명에게 질의했습니다. 네이버 같은 대형 포털의 보안망을 뚫으려면 최소한 중급 이상의 기능일 거라는 게 일치된 분석이었습니다. [최윤성/고려대학교 소프트웨어보안 국제공동연구센터 실장 : 네이버에서 어뷰징이라고 하는데 반복적으로 클릭 수나 조회수를 올리는 걸 방어하는 그런 방어 체계가 있잖습니까. 그것을 우회하기 위한 인증을 우회할 수 있는 그런 추가적인 기능들이 매크로에는 사용이 됐다고 보입니다.] 이런 수준의 매크로를 구하려면 최소 수천만"
c1_81301-1,과학자들이 오퍼튜니티가 발견한 암석이 금속 성분이 많이 포함된 운석인 것으로 생각하는 이유는?,"오퍼튜니티의 적외선 분광계인 Mini-TES의 분석에 따르면, 이 암석에서는 화성 암석에서 나오는 전형적인 열 적외선이 나오지 않았기 때문에",doc_0005,1,0.920681,doc_0005,doc_0005_chunk_000,O,"◈ NASA의 화성 탐사 로버인 오퍼튜니티(Opportunity)가 화성 표면에서 운석으로 보이는 특이한 암석을 발견했다. 탐사 로버는 약 2주 전, 지난 2004년 1월에 화성으로 하강할 때 사용된 열 차폐 방패(heat shield)에 접근하면서 이 암석을 처음 발견했다. 약 감자 하나만한 크기의 이 암석은 표면이 울퉁불퉁한 홈이 파여 있기 때문에 지상 관제소 사람들의 관심을 받았다. 오퍼튜니티의 적외선 분광계인 Mini-TES의 분석에 따르면, 이 암석에서는 화성 암석에서 나오는 전형적인 열 적외선이 나오지 않았기 때문에, 과학자들은 이것이 금속 성분이 많이 포함된 운석인 것으로 생각하고 있다. 오퍼튜니티호는 주말 동안 이 암석 근처에 머물면서 이것이 운석인지를 확실하게 알아낼 것이다."
c1_81301-1,과학자들이 오퍼튜니티가 발견한 암석이 금속 성분이 많이 포함된 운석인 것으로 생각하는 이유는?,"오퍼튜니티의 적외선 분광계인 Mini-TES의 분석에 따르면, 이 암석에서는 화성 암석에서 나오는 전형적인 열 적외선이 나오지 않았기 때문에",doc_0005,2,0.825329,doc_0007,doc_0007_chunk_000,X,"‘화 있을진저.’ 예수님께서 진노합니다. 단순한 화가 아니라 그 자리에서 돌이키라는 애틋한 호소입니다. 하나님의 분노에는 항상 사랑이 담겨 있습니다. 예수님께서 진노하는 대상은 소경된 인도자입니다(16절). 소경이란 눈먼 자가 아니라 영적 세계를 보지 못하는 자를 말합니다. 당시 대표적 영적 소경은 ‘사두개인’이었습니다. 사두개인은 유대 종교지도자였으나 부활을 믿지 않았습니다. 부활을 믿지 않는 이들은 모든 것을 세상의 기준으로 봅니다. 성전보다 성전의 금을 더 크게 보고(16절), 제단보다 제단 위 예물을 더 귀중하게 봅니다(18절). 성전 안에는 금이 많았습니다. 언약궤, 등대 등 성전의 여러 기구들은 모두 금으로 만들어졌습니다. 그러나 그 금이 거룩한 건 성전 안에 있기 때문입니다. 하지만 영적 소경은 성전 안의 금도 세상의 금과 같이 대했습니다. 제단 위의 예물도 그렇습니다. 제단 위에서 하나님께 드려질 때 소나 양은 거룩한 제물이 됩니다. 그러나 영적 소경은 제단보다 제물을 더 귀중하게 봤습니다. 왜냐하면 소나 양이 제단보다 더 재산 가치가 높았기 때문입니다. 금보다 성전이 더 크다는 것을 보지 못하고 예물보다 제단이 더 귀한 것을 못 보는 자들, 이들이 영적 소경입니다. 이런 사람들이 인도자가 돼 백성을 인도하는 것에 예수님께서는 진노했습니다. 오늘날 상황도 이와 같습니다. 영적 소경이 인도자가 돼 이끄는 성도는 성전이 아"
c1_81301-1,과학자들이 오퍼튜니티가 발견한 암석이 금속 성분이 많이 포함된 운석인 것으로 생각하는 이유는?,"오퍼튜니티의 적외선 분광계인 Mini-TES의 분석에 따르면, 이 암석에서는 화성 암석에서 나오는 전형적인 열 적외선이 나오지 않았기 때문에",doc_0005,3,0.821681,doc_0200,doc_0200_chunk_000,X,"◈ 과거 지구가 우주의 먼지 구름을 통과하면서 급속히 냉각됐을지도 모른다는 새로운 이론이 나왔다. 이에 따르면, 먼지 구름에 의해 지구 전체가 완전하게 얼음으로 뒤덮였다는 것이다. 미국과 러시아 과학자들은 성간 먼지가 지구 대기에 축적되어 지구를 냉각시켰으며, 이로 인해 지구 전체가 눈에 덮였을 것이라고 주장하고 있다. University of Colorado의 Alexander Pavlov와 그의 동료들은 이러한 우주 먼지에 의한 기후 냉각이 반드시 일어난다고 주장했다. 지난 20억 년 동안 태양계가 적어도 두 번 이상 “눈 덮인 지구(Snowball Earth)”를 만들만큼의 우주 먼지를 지나갔으며, 6억 년에서 7억 5천만년 사이에 이러한 냉각이 일어났다는 것이다. 우리 은하에는 수많은 분자 상태의 구름이 있으며 이들이 뭉쳐서 먼지 입자로 변한다. 태양계는 은하 속을 움직이면서 1억 년에서 10억 년에 한번 꼴로 우주 먼지 구름을 지나간다. 먼지 입자는 태양 빛을 우주로 반사시키면서 지구에서 나오는 열을 우주로 통과시킨다. 결국 먼지 입자는 지구온난화를 일으키는 온실가스와 정확히 반대의 역할을 하는 것이다. 출처 : KISTI의 과학향기"
c1_81301-1,과학자들이 오퍼튜니티가 발견한 암석이 금속 성분이 많이 포함된 운석인 것으로 생각하는 이유는?,"오퍼튜니티의 적외선 분광계인 Mini-TES의 분석에 따르면, 이 암석에서는 화성 암석에서 나오는 전형적인 열 적외선이 나오지 않았기 때문에",doc_0005,4,0.820312,doc_0080,doc_0080_chunk_001,X,"용기에 담는 이유는 햇빛을 피하기 위해서다. 또 페트병에 나일론을 포함하는 이유는 외부에서는 산소가 들어오지 못하게 막으면서, 탄산이 빠져나갈 수 없도록 하기 위해서다. 업체들은 이 기능을 빼면 보관 자체를 할 수가 없게 된다고 입을 모은다. 현재 투명한 용기를 사용해 밀봉한 맥주가 생산되고 있기는 하다. 하지만 이는 특수처리된 비싼 원료를 사용하고 있어 대중화가 어렵다는 설명이다. 따라서 유색 페트병에 대한 부담금을 높일 경우 맥주가격이 올라 소비자가 지는 부담이 커질 수 있다고 경고했다. 박민지 기자 pmj@kmib.co.kr"
c1_81301-1,과학자들이 오퍼튜니티가 발견한 암석이 금속 성분이 많이 포함된 운석인 것으로 생각하는 이유는?,"오퍼튜니티의 적외선 분광계인 Mini-TES의 분석에 따르면, 이 암석에서는 화성 암석에서 나오는 전형적인 열 적외선이 나오지 않았기 때문에",doc_0005,5,0.820037,doc_0111,doc_0111_chunk_000,X,"""미리 정해놓은 명령을 수행해 댓글 추천을 자동으로 하는 매크로 프로그램, 이 &매크로&를 드루킹 김 모 씨 등이 언제 무슨 돈으로 입수했는지가 주요 수사대상으로 떠오르고 있습니다. 보도에 이승재 기자입니다. [리포트] 지난 1월 일명 &드루킹&, 김 모 씨 등이 댓글 공감수를 조작하던 당시로 보이는 화면입니다. 10초 만에 공감수가 1800에서 2000대로 급증합니다. 경찰 조사 결과, 드루킹 김 씨가 매크로를 입수한 시기는 1월 15일입니다. 범행 이틀 전입니다. 앞서 드루킹은 지난해 7월에도 매크로를 이용해 팟캐스트 방송 순위를 끌어올리려 했다는 의혹도 제기됐습니다. [팟캐스트 업체 관계자 : 이상 트래픽이나 다운로드 그런 걸 감지하고 있거든요. 그분이 (매크로) 프로그램을 돌렸다는 것도 지금 추정만 하고 있는거 거든요...] 취재진은 김 씨가 사용한 매크로가 어느 정도의 성능일지 IT전문가 8명에게 질의했습니다. 네이버 같은 대형 포털의 보안망을 뚫으려면 최소한 중급 이상의 기능일 거라는 게 일치된 분석이었습니다. [최윤성/고려대학교 소프트웨어보안 국제공동연구센터 실장 : 네이버에서 어뷰징이라고 하는데 반복적으로 클릭 수나 조회수를 올리는 걸 방어하는 그런 방어 체계가 있잖습니까. 그것을 우회하기 위한 인증을 우회할 수 있는 그런 추가적인 기능들이 매크로에는 사용이 됐다고 보입니다.] 이런 수준의 매크로를 구하려면 최소 수천만"
c1_81302-1,오퍼튜니티호는 주말동안 무엇을 할거야?,이 암석 근처에 머물면서 이것이 운석인지를 확실하게 알아낼 것,doc_0005,1,0.834536,doc_0005,doc_0005_chunk_000,O,"◈ NASA의 화성 탐사 로버인 오퍼튜니티(Opportunity)가 화성 표면에서 운석으로 보이는 특이한 암석을 발견했다. 탐사 로버는 약 2주 전, 지난 2004년 1월에 화성으로 하강할 때 사용된 열 차폐 방패(heat shield)에 접근하면서 이 암석을 처음 발견했다. 약 감자 하나만한 크기의 이 암석은 표면이 울퉁불퉁한 홈이 파여 있기 때문에 지상 관제소 사람들의 관심을 받았다. 오퍼튜니티의 적외선 분광계인 Mini-TES의 분석에 따르면, 이 암석에서는 화성 암석에서 나오는 전형적인 열 적외선이 나오지 않았기 때문에, 과학자들은 이것이 금속 성분이 많이 포함된 운석인 것으로 생각하고 있다. 오퍼튜니티호는 주말 동안 이 암석 근처에 머물면서 이것이 운석인지를 확실하게 알아낼 것이다."
c1_81302-1,오퍼튜니티호는 주말동안 무엇을 할거야?,이 암석 근처에 머물면서 이것이 운석인지를 확실하게 알아낼 것,doc_0005,2,0.832008,doc_0024,doc_0024_chunk_000,X,"말도, 생각도, 행동도 하지 않아야 한다. 숨 쉬는 것 외에는 웬만하면 아무것도 하지 않아야 한다. 그래야 우승할 수 있다. 서울시는 이달 22일 오후 3시부터 6시까지 여의도한강공원 너른들판에서 ‘2018 한강 멍 때리기 대회’를 개최한다고 3일 밝혔다. 올해로 3회째인 대회는 ‘아무것도 하지 않는 것도 가치 있는 행위’라는 알리는 일종의 ‘단체 퍼포먼스’다. 할 게 넘쳐나고 급변하는 세상에서 살아가는 누군가에겐 휴식과 치료의 의미가 있다. 대회의 우승방법은 간단하다. 90분간 ‘멍 때리면’ 된다. 어떤 행동도 생각도 하지 않고 있으면 주최 측이 15분마다 참가자들의 심박 수를 측정해간다. 이를 그래프로 만드는데, 가장 안정적이거나 점진적으로 하향곡선을 나타내면 높은 점수를 받을 수 있다. 여기에 현장 시민 투표가 합산돼 1~3위를 선정한다. 선수는 대회 도중 말을 할 수 없다. 대신 빨간 카드(졸릴 때 마사지 서비스), 파랑 카드(목마를 때 물 서비스), 노랑 카드(더우면 부채질 서비스), 검정 카드(기타 불편사항) 등으로 의사를 전달하면 진행요원이 서비스를 제공한다. 또 멍 때리는 데 실패하면 경기장 밖으로 끌려나간다. 올해 대회에는 150명의 참가자를 선발한다. 이날 낮 12시부터 4일 자정까지 홈페이지(www.spaceoutcompetition.com)와 페이스북(www.facebook.com/INT.spaceout.comp"
c1_81302-1,오퍼튜니티호는 주말동안 무엇을 할거야?,이 암석 근처에 머물면서 이것이 운석인지를 확실하게 알아낼 것,doc_0005,3,0.827625,doc_0047,doc_0047_chunk_000,X,"전북 특성 살린 지역축제 한창 전북도 전역이 축제 열기에 휩싸였다. 28일 독립영화의 산실인 전주국제영화제가 화려한 막을 올린다. 올해 12회를 맞는 전주국제영화제는 5월 6일까지 9일간 열린다. 38개국에서 출품한 190편의 영화가 상영된다. 5월 5일부터는 전주한지문화축제가 전주시 풍남동 경기전 일대에서 열린다. 임실군에선 30일부터 '치즈자랑 의견이야기' 축제가 개최된다. 지난해까지 각각 진행했던 치즈축제와 오수의견제를 통합해 올해 처음 통합축제로 연다. 군산시에서는 5월 4일부터 8일까지 5월의 보리밭, 추억속으로 안내할 '제6회 군산꽁당보리 축제'를 개최해 농특산물 판매, 보리밭체험마당 등을 선보일 계획이다. 남원에선 5월 6일부터 10일까지 문화체육관광부 우수축제로 선정된 '제81회 춘향제'가 열린다. 정읍시에서는 5월 7일부터 8일까지 동학농민 혁명의 의의를 되새기는 '제44회 황토현 동학축제'를 통해 1박2일 황토현숙영캠프, 동학농민혁명군 진군행렬 등 다양한 볼거리와 즐길거리를 제공할 계획이다. 고창군 공음면에서는 지난 23일부터 '청보리 축제'가 한창이다. 올해 8회를 맞는 이 축제는 공음면 학원농장의 보리밭에서 5월 8일까지 열린다. 6월 10일부터는 고창 특산물인 복분자와 풍천장어, 수박과 옥수수를 소재로 한 '2011 고창 복분자 푸드페스티벌'을 개최해 축제의 계절에 전북도를 찾는 관광객에게 오랫동안 기억에 남을"
c1_81302-1,오퍼튜니티호는 주말동안 무엇을 할거야?,이 암석 근처에 머물면서 이것이 운석인지를 확실하게 알아낼 것,doc_0005,4,0.823622,doc_0171,doc_0171_chunk_000,X,"작곡가 김도훈, 작사가 황성진 등이 속한 레인보우브릿지에이전시(이하 레인보우브릿지)에서 공개오디션을 오는 27일(토) 개최한다. 레인보우브릿지는 작곡가 김도훈을 비롯해 작곡가 이상호, 작사가 최갑원, 황성진 등 K-POP 최고의 프로듀서들이 소속된 곳으로 신인 캐스팅, 아티스트 트레이닝, 음악 프로듀싱 등을 전문으로 하는 아티스트&amp;뮤직 프로듀싱 전문기업이다. 이번 오디션은 가수, 싱어송라이터 등 아티스트를 꿈꾸는 사람이라면 누구나 지원 가능하며, 오는 19일(금)까지 레인보우브릿지 공식 홈페이지를 통해 접수할 수 있다. 서류전형 합격자에 한해 현장 오디션의 기회가 주어지며, 최종 합격자에게는 레인보우브릿지 음원 프로젝트 메인 가창자 참여 기회 및 보이그룹 멤버가 될 수 있는 기회를 제공한다. 레인보우브릿지 작곡가 김도훈은 ""전국 각지의 실력 있는 아티스트 지망생들의 많은 참여를 바라며, 이번 오디션을 통해 실력과 재능을 겸비한 예비스타를 만나게 되기를 기대한다""고 전했다.&lt;연예부&gt;"
c1_81302-1,오퍼튜니티호는 주말동안 무엇을 할거야?,이 암석 근처에 머물면서 이것이 운석인지를 확실하게 알아낼 것,doc_0005,5,0.820714,doc_0132,doc_0132_chunk_001,X,"에 설치된 주말 전용 자전거우선도로를 자전거보행자겸용도로(0.9㎞)와 자전거전용도로(2.5㎞)로 변경하는 안을 갖고 청계천변 상인들과 협의하고 있다. 이후 도심과 여의도, 강남을 연계하는 자전거도로 실시설계안을 연내 마련한다. 강남권역 일대 단절된 자전거도로를 잇는 작업도 추진한다. 도로 다이어트(차선수·차로폭 감소)를 통해 자전거도로 미설치 구간에 자전거 전용도로를 신설하고 기존 자전거우선도로와 연계하는 방안을 검토 중이다. 그러나 시민 여론이 우호적이지만은 않다. 자전거전용차로가 생기면 차선폭이 좁아져 종로의 교통체증이 더 심해질 수 있다는 지적이다. 교통량이 많은 종로에 자전거 행렬까지 더해지면 자전거 이용자는 물론 보행자의 안전까지 위협받을 수 있다는 우려도 있다. 자전거전용차로 설치가 미세먼지 문제를 고려하지 않은 정책이라는 비판도 있다. 도심 미세먼지 문제를 해결하지 못한 상황에서 자전거전용차로를 확장하면 자전거 이용자의 호흡기 건강이 악화될 수 있다는 것이다. 신혜지 인턴기자"
c1_81303-1,오퍼튜니티가 발견한 암석이 지상 관제소 사람들의 관심을 받은 이유는?,표면이 울퉁불퉁한 홈이 파여 있기 때문에,doc_0005,1,0.895714,doc_0005,doc_0005_chunk_000,O,"◈ NASA의 화성 탐사 로버인 오퍼튜니티(Opportunity)가 화성 표면에서 운석으로 보이는 특이한 암석을 발견했다. 탐사 로버는 약 2주 전, 지난 2004년 1월에 화성으로 하강할 때 사용된 열 차폐 방패(heat shield)에 접근하면서 이 암석을 처음 발견했다. 약 감자 하나만한 크기의 이 암석은 표면이 울퉁불퉁한 홈이 파여 있기 때문에 지상 관제소 사람들의 관심을 받았다. 오퍼튜니티의 적외선 분광계인 Mini-TES의 분석에 따르면, 이 암석에서는 화성 암석에서 나오는 전형적인 열 적외선이 나오지 않았기 때문에, 과학자들은 이것이 금속 성분이 많이 포함된 운석인 것으로 생각하고 있다. 오퍼튜니티호는 주말 동안 이 암석 근처에 머물면서 이것이 운석인지를 확실하게 알아낼 것이다."
c1_81303-1,오퍼튜니티가 발견한 암석이 지상 관제소 사람들의 관심을 받은 이유는?,표면이 울퉁불퉁한 홈이 파여 있기 때문에,doc_0005,2,0.813831,doc_0087,doc_0087_chunk_000,X,인터넷 1인 방송 BJ로 전향한 그룹 엠블랙 출신 지오가 허위 사실을 퍼트려 자신을 비방한 네티즌을 고소하겠다고 밝혔다. 지오는 28일 ‘악의적 의도로 허위 글과 자료를 유포한 네티즌에 대해 철저히 법적 대응을 하겠다’는 제목의 영상을 유튜브에 게시했다. 그는 “개인 방송을 시작하기 전 근거 있는 비판에 유연한 사람이 되자고 다짐했다”며 “그런데 정도라는 게 있다. 한 사람을 무너뜨리려고 악의적인 글을 올리는 사람은 법이 얼마나 무서운지 가르칠 필요가 있다”고 말했다. 최근 여러 온라인 커뮤니티에 지오를 비난하기 위한 글이 수차례 게시됐다. 지오는 내용 대부분이 사실과 다르다고 해명했다. 글을 쓴 네티즌은 지오가 과격한 발언과 행동으로 구설에 오른 한 BJ의 팬이며 ‘별풍선’을 강요하거나 팬이 찍어준 사진을 상업적 의도로 사용했다고 주장했다. 별풍선은 시청자가 선물하는 유료 아이템으로 BJ가 현금으로 바꿀 수 있다. 지오는 먼저 논란이 된 BJ를 흉내 냈다는 지적에 “그분을 따라 한 게 아니다. 팬이라고 한 적도 없다”면서 “비판을 하는 건 괜찮지만 없는 얘기를 만들어 사실인 것처럼 유포하는 건 죄”라고 강조했다. 또 별풍선을 강요했다는 주장에 “평소 방송을 도와주는 매니저와 장난으로 얘기한 것일 뿐 실제로 받지 않았다. 글에 적힌 ‘지난달에 1억을 벌었다’는 부분도 사실이 아니다”고 설명했다. 팬이 찍어준 사진을 광고에 사용한 것은
c1_81303-1,오퍼튜니티가 발견한 암석이 지상 관제소 사람들의 관심을 받은 이유는?,표면이 울퉁불퉁한 홈이 파여 있기 때문에,doc_0005,3,0.813604,doc_0096,doc_0096_chunk_000,X,"정부·민간, 수백억∼수천억 지원 자기부상열차·한국형 고속열차·치매 치료약물 등이, 정부와 민간이 수백억~수천억원을 지원하는 ‘국가 대형 연구개발 실용화사업’의 예비과제로 선정됐다. 정부는 27일 서울 소공동 롯데호텔에서 오명 과학기술 부총리 주재로 과학기술 관계부처 장관회의를 열어, 산업적 파급효과가 클 것으로 기대되지만 실용화는 늦어지는 연구 성과의 실용화를 집중 지원하기로 하고, 그 예비 검토 과제로 10개를 선정했다. 선정된 과제(괄호 안은 주관 부처와 정부·민간 투입 연구비)는 △자기부상열차(건설교통부, 4년 동안 4500억원) △한국형 고속열차(건교부, 3년 동안 800억원) △저공해 엘피지 버스(환경부, 4년 동안 200억원) △해수담수화용 원자로(과기부, 6년 동안 4388억원) △초고속 해상운송선(해양수산부, 5년 동안 1200억원) △복합 양전자 단층 촬영기(보건복지부, 5년 동안 1799억원) △소형 열병합발전용 가스터빈(산업자원부, 4년 동안 1500억원) △나노공정 반도체 제조장비(산자부, 5년 동안 600억원) △치매 치료약물(‘AAD-2004’·복지부, 3년동안 200억원) △소형항공기(산자부, 5년동안 560억원) 등이다. 황우석 서울대 교수의 ‘광우병 내성 복제소’ 등 9개는 ‘계속검토 과제’로 보류됐다. 정부는 대상 과제의 실용화 지원이 타당한지에 대한 추가 조사를 벌인 뒤, 그 결과를 4월 관계장관 회"
c1_81303-1,오퍼튜니티가 발견한 암석이 지상 관제소 사람들의 관심을 받은 이유는?,표면이 울퉁불퉁한 홈이 파여 있기 때문에,doc_0005,4,0.811983,doc_0111,doc_0111_chunk_000,X,"""미리 정해놓은 명령을 수행해 댓글 추천을 자동으로 하는 매크로 프로그램, 이 &매크로&를 드루킹 김 모 씨 등이 언제 무슨 돈으로 입수했는지가 주요 수사대상으로 떠오르고 있습니다. 보도에 이승재 기자입니다. [리포트] 지난 1월 일명 &드루킹&, 김 모 씨 등이 댓글 공감수를 조작하던 당시로 보이는 화면입니다. 10초 만에 공감수가 1800에서 2000대로 급증합니다. 경찰 조사 결과, 드루킹 김 씨가 매크로를 입수한 시기는 1월 15일입니다. 범행 이틀 전입니다. 앞서 드루킹은 지난해 7월에도 매크로를 이용해 팟캐스트 방송 순위를 끌어올리려 했다는 의혹도 제기됐습니다. [팟캐스트 업체 관계자 : 이상 트래픽이나 다운로드 그런 걸 감지하고 있거든요. 그분이 (매크로) 프로그램을 돌렸다는 것도 지금 추정만 하고 있는거 거든요...] 취재진은 김 씨가 사용한 매크로가 어느 정도의 성능일지 IT전문가 8명에게 질의했습니다. 네이버 같은 대형 포털의 보안망을 뚫으려면 최소한 중급 이상의 기능일 거라는 게 일치된 분석이었습니다. [최윤성/고려대학교 소프트웨어보안 국제공동연구센터 실장 : 네이버에서 어뷰징이라고 하는데 반복적으로 클릭 수나 조회수를 올리는 걸 방어하는 그런 방어 체계가 있잖습니까. 그것을 우회하기 위한 인증을 우회할 수 있는 그런 추가적인 기능들이 매크로에는 사용이 됐다고 보입니다.] 이런 수준의 매크로를 구하려면 최소 수천만"
c1_81303-1,오퍼튜니티가 발견한 암석이 지상 관제소 사람들의 관심을 받은 이유는?,표면이 울퉁불퉁한 홈이 파여 있기 때문에,doc_0005,5,0.811337,doc_0185,doc_0185_chunk_001,X,"실을 하지 못했다는 지적에 대해서는 “시민들과 함께 하는 보편적인 운동형태를 고민해야 하는 환경단체로서는 할 수 있는 선택의 폭이 좁았다”면서 “천성산이나 북한산 관통도로 등은 도로, 즉 교통정책의 문제인데 그런 부분에 대한 지적과 대안 마련에 소홀했다는 점에서 환경단체가 제 구실을 못했다”고 평가했다. 그는 현재 환경운동연합이 “덩치에 걸맞는 실력과 전문성을 갖추지 못했고, 과거보다 시민들의 신뢰를 더 받지 못하는 것에 위기의식을 느낀다”며 “환경운동이 개척지가 아니라 황무지였기 때문에 선택했던 20대 청년의 마음을 되새기며 멀고 험한 길을 헤쳐 나가겠다”고 말했다."
c1_52597-1,사회적 약자보호와 금융산업을 황폐화시키고 있는 관치금융 중단을 요구한다고 말한 사람은 누구인가요?,금융노조 김문호 위원장,doc_0006,1,0.865919,doc_0006,doc_0006_chunk_001,O,"이라는 지적에 대해 ""그동안 산별교섭 결렬과 중앙노동위원회의 조정결렬, 전체 조합원 쟁의행위 찬반투표 등 법이 정한 절차에 따라 이뤄졌다""고 설명했다. 금융노조 김문호 위원장은 ""마지막까지 대화와 협상을 통한 문제해결에 나설 것""이라며 ""사회적 약자보호와 금융산업을 황폐화시키고 있는 관치금융 중단을 요구한다""고 말했다. 금융노조가 이번에 실제 파업에 돌입하면 지난 2000년 7월 은행구조조정으로 벌인 총파업 이후 12만이다. 한편 금속노조는 13일 오후 현대·기아차, 한국GM 등 완성차 노조들이 13만명의 조합원 참여해 주야 4시간 총파업에 돌입했다고 밝혔다. 금속노조는 △심야노동 철폐, 노동시간 단축, 주간 연속 2교대제 도입 △원ㆍ하도급 불공정거래 근절 △비정규직 철폐 △근로시간 면제제도ㆍ복수노조제도와 관련한 노동조건 개선 등을 요구하고 있다."
c1_52597-1,사회적 약자보호와 금융산업을 황폐화시키고 있는 관치금융 중단을 요구한다고 말한 사람은 누구인가요?,금융노조 김문호 위원장,doc_0006,2,0.864396,doc_0011,doc_0011_chunk_001,X,"선진국들보다 크게 적은 것은 금융지주회사간 영역다툼이 심해 경쟁사 출신 금융인의 영입을 꺼릴 수밖에 없는 풍토 때문이란 게 금융권 관계자들의 설명이다. 이러다보니 공정성이나 객관성 논란에서 상대적으로 자유로운 교수 등 학계 인사들의 비중이 미국(5%)이나 캐나다(4%)에 비해 많아졌다는 것이다. 금융권 전문가들은 유독 우리나라에서 전직 관료출신들이 금융회사 사외이사직을 대거 차지하고 있는 현상을 '뿌리 깊은 관치금융의 결과'로 분석했다. 김상조 한성대 교수는 ""우리나라 관료들이 미국이나 영국 관료들보다 더 유능한 것도 아닌데, 금융회사에 관료출신 사외이사들이 이렇게 많아야 할 이유가 전혀 없다""면서 ""관치금융의 명백한 증거""라고 비판했다. 금융권의 한 고위 임원은 ""고객의 돈을 예치해 운용하는 금융산업의 속성상 규제가 불가피하지만, 선진국은 '규제와 자율'의 두 바퀴로 금융업이 돌아가는 반면, 우리나라는 '규제'와 '관치'가 뒤섞여 왜곡이 심하다""며 ""관치를 걷어내지 않으면 진정한 금융산업 발전은 요원할 것""이라고 지적했다."
c1_52597-1,사회적 약자보호와 금융산업을 황폐화시키고 있는 관치금융 중단을 요구한다고 말한 사람은 누구인가요?,금융노조 김문호 위원장,doc_0006,3,0.840679,doc_0006,doc_0006_chunk_000,X,"은행간 인수합병 반대와 장시간노동 해소를 요구중인 금융노조가 조합원 쟁의행위 찬반투표를 벌여 압도적 찬성률로 파업을 가결했다. 금융노조는 13일 기자회견을 열어 이처럼 밝히고, 요구안이 관철되지 않을 경우 오는 30일 총파업에 들어간다고 발표했다. 금융노조에 따르면 지난 11일 실시한 조합원 투표에서 조합원 87%가 투표에 참가해, 91%의 찬성률을 보였다. 전국 시중은행 등 35개 산하지부를 거느리고 있는 금융노조는 8월초 준법투쟁 등을 벌인 후 중순부터 다시 강경투쟁을 벌인다는 계획이다. 금융노조는 현재 △우리금융 민영화 등 인수합병 철회 △노동시간 단축 △고령직원 일자리 보장 △노사공동 사회공헌사업 기금 조성 △은행권 비정규직 제도 폐지 △임금 7%+α등을 요구하고 있다 . 금융노조가 이번에 파업을 가결한 것은 특히 장시간근로와 은행간 인수합병에 대한 반발 때문이다. 1997년 외환위기 이후 금융기관은 인수합병을 통해 덩치를 키워왔는데, 이 과정에서 경쟁이 격화되면서 정규직 대신 비정규직을 늘렸고 장시간 노동에 시달리고 있다는 게 노조의 인식이다. 특히 시중은행을 장악한 외국인 주주의 이익을 극대화하기 위한 상시적 구조조정이 이뤄져 노조의 요구를 관철하지 않고는 파업을 철회하기 어렵다는 입장이다. 금융노조는 이번 총파업을 두고 일부 불법파업이라는 지적에 대해 ""그동안 산별교섭 결렬과 중앙노동위원회의 조정결렬, 전체 조합원 쟁의행"
c1_52597-1,사회적 약자보호와 금융산업을 황폐화시키고 있는 관치금융 중단을 요구한다고 말한 사람은 누구인가요?,금융노조 김문호 위원장,doc_0006,4,0.839636,doc_0141,doc_0141_chunk_000,X,"""가상 화폐 규제에 반대하는 청와대 국민청원이, 20만 명을 넘어서면서 정부의 공식 답변을 받을 수 있게 됐습니다. 김동연 경제부총리는 어떤 형태로든 합리적 규제가 필요하다며 이른 시일 안에 종합 대책을 발표하겠다고 말했습니다. 송수진 기자의 보도입니다. [리포트] 가상 화폐 규제에 반대하는 청와대 국민청원이 등록 20일 만에 20만 명을 돌파했습니다. 정부가 공식적인 입장을 내놓는 한달 내 20만명 참여 조건을 충족한 겁니다. 청원자들은 타당하지 않은 규제로 경제가 쇠퇴해선 안 된다며 거래소 폐지 반대 입장 등을 올렸습니다. 청와대는 6번째 청원인 전기용품 안전관리법 폐지 청원에 답변하고 가상화폐 규제 반대 청원에도 답할 예정입니다. 가상화폐 관련해 말을 아끼던 문재인 대통령도 대책을 둘러싼 최근 정부 부처 간 혼선 양상을 지적했습니다. 부처간 협의 전에 각 부처의 입장이 먼저 공개돼 엇박자로 비치는 것은 바람직하지 않다는 겁니다.[박수현/청와대 대변인 : 보다 긴밀한 부처 간 협조와 정책결정 과정의 면밀한 관리를 당부하였습니다.] 정부는 가상화폐에 대한 규제 입장을 분명히 했습니다. 김동연 경제부총리는 라디오 프로그램에 출연해 어떤 형태로든 합리적 규제가 필요하다며 거래소 폐쇄도 살아있는 옵션이라고 말했습니다. [김동연/경제부총리/tbs 김어준의 뉴스공장) : 살아있는 옵션이긴 합니다만 해외 입출금 문제 등등 반론도 만만치가 않거"
c1_52597-1,사회적 약자보호와 금융산업을 황폐화시키고 있는 관치금융 중단을 요구한다고 말한 사람은 누구인가요?,금융노조 김문호 위원장,doc_0006,5,0.838896,doc_0011,doc_0011_chunk_000,X,"우리나라 주요 금융회사의 사외이사 중 관료출신이 차지하는 비중이 30%에 달해 미국 유럽 등 다른 주요국가에 비해 월등히 높은 것으로 나타났다. 비교 대상국가 중 미국과 영국, 캐나다 금융회사에는 관료출신 사외이사가 단 한명도 없었고, 영국을 뺀 유럽지역 금융회사들은 5%, 호주는 3%에 불과했다. 선진국 중 비교적 관료출신 비중이 높은 일본도 11%로 우리나라의 3분의 1 수준이었다. 이같은 금융회사 사외이사의 경력구성 비교는 지난달 30일 신한금융지주가 발표한 '그룹 운영체계 개선' 설명 자료 안에 담겨 있는 내용이다. [IMG1] 외부 컨설팅전문기관이 미국 영국 유럽(영국 제외) 캐나다 호주 일본 한국 등 주요 7개국 25개 금융회사의 사외이사 구성을 분석한 결과, 미국 영국 캐나다 등 3개국 금융사 9곳에는 관료출신 사외이사가 한명도 없었다. 나머지 3개국 중 유럽 6개사는 5%, 호주 4개사는 3%에 그쳤고 일본 3개사는 11%였다. 반면 신한금융그룹, 하나금융그룹, KB금융그룹 등 우리나라 3개 금융지주회사는 이 비중이 무려 30%에 달했다. 우리나라 금융사의 사외이사 경력별 구성비는 관료출신 30% 외에 금융권 출신 7%, 비금융권 출신 30%, 학계 33% 등이었다. 금융권 출신의 비중이 최소 24%(캐나다), 최대 65%(영국)인 선진국들보다 크게 적은 것은 금융지주회사간 영역다툼이 심해 경쟁사 출신 금융인의 영입을"
c1_52598-1,금융노조가 기자회견을 연 날짜는?,13일,doc_0006,1,0.87634,doc_0006,doc_0006_chunk_000,O,"은행간 인수합병 반대와 장시간노동 해소를 요구중인 금융노조가 조합원 쟁의행위 찬반투표를 벌여 압도적 찬성률로 파업을 가결했다. 금융노조는 13일 기자회견을 열어 이처럼 밝히고, 요구안이 관철되지 않을 경우 오는 30일 총파업에 들어간다고 발표했다. 금융노조에 따르면 지난 11일 실시한 조합원 투표에서 조합원 87%가 투표에 참가해, 91%의 찬성률을 보였다. 전국 시중은행 등 35개 산하지부를 거느리고 있는 금융노조는 8월초 준법투쟁 등을 벌인 후 중순부터 다시 강경투쟁을 벌인다는 계획이다. 금융노조는 현재 △우리금융 민영화 등 인수합병 철회 △노동시간 단축 △고령직원 일자리 보장 △노사공동 사회공헌사업 기금 조성 △은행권 비정규직 제도 폐지 △임금 7%+α등을 요구하고 있다 . 금융노조가 이번에 파업을 가결한 것은 특히 장시간근로와 은행간 인수합병에 대한 반발 때문이다. 1997년 외환위기 이후 금융기관은 인수합병을 통해 덩치를 키워왔는데, 이 과정에서 경쟁이 격화되면서 정규직 대신 비정규직을 늘렸고 장시간 노동에 시달리고 있다는 게 노조의 인식이다. 특히 시중은행을 장악한 외국인 주주의 이익을 극대화하기 위한 상시적 구조조정이 이뤄져 노조의 요구를 관철하지 않고는 파업을 철회하기 어렵다는 입장이다. 금융노조는 이번 총파업을 두고 일부 불법파업이라는 지적에 대해 ""그동안 산별교섭 결렬과 중앙노동위원회의 조정결렬, 전체 조합원 쟁의행"
c1_52598-1,금융노조가 기자회견을 연 날짜는?,13일,doc_0006,2,0.866337,doc_0006,doc_0006_chunk_001,O,"이라는 지적에 대해 ""그동안 산별교섭 결렬과 중앙노동위원회의 조정결렬, 전체 조합원 쟁의행위 찬반투표 등 법이 정한 절차에 따라 이뤄졌다""고 설명했다. 금융노조 김문호 위원장은 ""마지막까지 대화와 협상을 통한 문제해결에 나설 것""이라며 ""사회적 약자보호와 금융산업을 황폐화시키고 있는 관치금융 중단을 요구한다""고 말했다. 금융노조가 이번에 실제 파업에 돌입하면 지난 2000년 7월 은행구조조정으로 벌인 총파업 이후 12만이다. 한편 금속노조는 13일 오후 현대·기아차, 한국GM 등 완성차 노조들이 13만명의 조합원 참여해 주야 4시간 총파업에 돌입했다고 밝혔다. 금속노조는 △심야노동 철폐, 노동시간 단축, 주간 연속 2교대제 도입 △원ㆍ하도급 불공정거래 근절 △비정규직 철폐 △근로시간 면제제도ㆍ복수노조제도와 관련한 노동조건 개선 등을 요구하고 있다."
c1_52598-1,금융노조가 기자회견을 연 날짜는?,13일,doc_0006,3,0.820609,doc_0162,doc_0162_chunk_000,X,"""내년부터 정기 상여금과 복리후생비 일부를 최저임금에 포함하는 최저임금법 개정안이 어제 국회 본회의를 통과했습니다. 어제 오후 내내 반대 투쟁을 벌인 노동계가 강경 대응을 예고해 신설되는 경제사회노동위원회 등 8년 만에 복원된 노사정 대화에 차질이 예상됩니다. 이승철 기자가 보도합니다. [리포트] 곳곳에서 고성이 들리고, 몸싸움이 벌어집니다. 최저임금법 개정에 반대하는 민주노총 조합원들입니다. 같은 시각 국회에선 개정안 표결이 진행됐습니다. 찬성 160명, 반대 24명, 기권 14명으로 통과됐습니다. 이로써 내년부턴 매월 지급되는 상여금과 복리후생비 일부가 최저임금에 포함됩니다. 대기업과 중소기업 간의 입장이 약간 엇갈리긴 하지만, 경영계는 급격한 임금 인상 부담을 줄일 수 있게 됐다며 환영합니다. 반면, 노동계는 강경하게 반대합니다.[김명환/민주노총 위원장 : 소득주도 성장, 만원의 행복을 이루겠다던 저 최저임금 공약은 산입범위 확대로 주고 뺏는 배신으로 돌아왔고 만원은 절망이 됐습니다.][김주영/한국노총 위원장 : 저임금 노동자의 생활안정을 보장하고 있는 헌법 정신을 훼손하지 않았는지 법률 전문가의 자문을 얻어 위헌법률 심판제청을 추진할 것입니다.] 역시 국회를 통과한 노사정위를 대신할 경제사회노동위원회도 개점 휴업 상태에 빠지게 됐습니다. 민주노총은 이미 불참을 선언했고, 한국노총도 불참을 검토 중입니다. 8년 만에 복원된 노사"
c1_52598-1,금융노조가 기자회견을 연 날짜는?,13일,doc_0006,4,0.81992,doc_0162,doc_0162_chunk_001,X,"민주노총은 이미 불참을 선언했고, 한국노총도 불참을 검토 중입니다. 8년 만에 복원된 노사정 대화가 다시 중단 위기에 처한 겁니다.[박명준/노사정위원회 수석전문위원 : 노동존중사회를 향한 그런 과제들이 아직 첫발을 제대로 내딛지도 못한 상태에서 사실은 좌초되거나 이런 일이 발생하지 않길 바라고요.] 노측 위원들의 사퇴로 최저임금위원회도 다음 달 29일인 법정 시한에 맞춰 내년 최저임금을 결정하는 것이 사실상 어려울 것으로 보입니다. KBS 뉴스 이승철입니다."""
c1_52598-1,금융노조가 기자회견을 연 날짜는?,13일,doc_0006,5,0.813709,doc_0025,doc_0025_chunk_000,X,"20일은 제38회 장애인의 날이다. 장애인에 대한 이해를 돕기 위해 1981년 처음 국가 기념행사로 정해졌다. 지난 3월 평창 동계패럴림픽을 통해 장애인에 대한 관심이 높아지기는 했지만 아직도 사회적 편견과 차별은 여전하다. 장애인들이 가장 큰 어려움을 겪는 것은 취업이다. 고용노동부가 지난해 장애인 의무고용 적용 대상 민간기업 2만7012곳을 대상으로 실시한 실태조사 결과에 따르면 장애인 고용률은 2.61%에 불과했다. 100∼299인 사업장의 장애인 고용률 3.04%, 300∼499인 2.88%, 500∼999인 2.83%, 1000인 이상은 2.24%를 기록하는 등 기업 규모가 커질수록 고용률이 낮았다. 대기업집단의 장애인 고용률은 2.04%까지 떨어졌다. 장애인의 월평균 임금도 178만원으로 전체 임금근로자(242만3000원)의 73.4% 정도였다. 우리나라는 1991년부터 장애인 의무고용제를 시행하고 있다. 이에 따라 100인 이상의 사업장은 민간 2.7%, 공공 3.0%의 비율로 장애인을 의무 고용해야 한다. 내년 민간은 3.1%까지 올라간다. 2008년부터는 고용 실적이 저조한 기업 명단이 공개되고 있다. 기업의 사회적 책임을 강조하고 장애인 고용의무 이행을 촉구하기 위해서다. 하지만 민간, 공공 가릴 것 없이 의무고용률이 제대로 지켜지지 않고 있다. 이러다 보니 고용률을 준수하지 않아 낸 부담금은 2015년 3966억원"
c1_52599-1,금융노조는 이번 총파업을 두고 일부 불법파업이라는 지적에 대해 뭐라고 설명했나요?,"그동안 산별교섭 결렬과 중앙노동위원회의 조정결렬, 전체 조합원 쟁의행위 찬반투표 등 법이 정한 절차에 따라 이뤄졌다""고 설명",doc_0006,1,0.894035,doc_0006,doc_0006_chunk_000,X,"은행간 인수합병 반대와 장시간노동 해소를 요구중인 금융노조가 조합원 쟁의행위 찬반투표를 벌여 압도적 찬성률로 파업을 가결했다. 금융노조는 13일 기자회견을 열어 이처럼 밝히고, 요구안이 관철되지 않을 경우 오는 30일 총파업에 들어간다고 발표했다. 금융노조에 따르면 지난 11일 실시한 조합원 투표에서 조합원 87%가 투표에 참가해, 91%의 찬성률을 보였다. 전국 시중은행 등 35개 산하지부를 거느리고 있는 금융노조는 8월초 준법투쟁 등을 벌인 후 중순부터 다시 강경투쟁을 벌인다는 계획이다. 금융노조는 현재 △우리금융 민영화 등 인수합병 철회 △노동시간 단축 △고령직원 일자리 보장 △노사공동 사회공헌사업 기금 조성 △은행권 비정규직 제도 폐지 △임금 7%+α등을 요구하고 있다 . 금융노조가 이번에 파업을 가결한 것은 특히 장시간근로와 은행간 인수합병에 대한 반발 때문이다. 1997년 외환위기 이후 금융기관은 인수합병을 통해 덩치를 키워왔는데, 이 과정에서 경쟁이 격화되면서 정규직 대신 비정규직을 늘렸고 장시간 노동에 시달리고 있다는 게 노조의 인식이다. 특히 시중은행을 장악한 외국인 주주의 이익을 극대화하기 위한 상시적 구조조정이 이뤄져 노조의 요구를 관철하지 않고는 파업을 철회하기 어렵다는 입장이다. 금융노조는 이번 총파업을 두고 일부 불법파업이라는 지적에 대해 ""그동안 산별교섭 결렬과 중앙노동위원회의 조정결렬, 전체 조합원 쟁의행"
c1_52599-1,금융노조는 이번 총파업을 두고 일부 불법파업이라는 지적에 대해 뭐라고 설명했나요?,"그동안 산별교섭 결렬과 중앙노동위원회의 조정결렬, 전체 조합원 쟁의행위 찬반투표 등 법이 정한 절차에 따라 이뤄졌다""고 설명",doc_0006,2,0.877696,doc_0006,doc_0006_chunk_001,O,"이라는 지적에 대해 ""그동안 산별교섭 결렬과 중앙노동위원회의 조정결렬, 전체 조합원 쟁의행위 찬반투표 등 법이 정한 절차에 따라 이뤄졌다""고 설명했다. 금융노조 김문호 위원장은 ""마지막까지 대화와 협상을 통한 문제해결에 나설 것""이라며 ""사회적 약자보호와 금융산업을 황폐화시키고 있는 관치금융 중단을 요구한다""고 말했다. 금융노조가 이번에 실제 파업에 돌입하면 지난 2000년 7월 은행구조조정으로 벌인 총파업 이후 12만이다. 한편 금속노조는 13일 오후 현대·기아차, 한국GM 등 완성차 노조들이 13만명의 조합원 참여해 주야 4시간 총파업에 돌입했다고 밝혔다. 금속노조는 △심야노동 철폐, 노동시간 단축, 주간 연속 2교대제 도입 △원ㆍ하도급 불공정거래 근절 △비정규직 철폐 △근로시간 면제제도ㆍ복수노조제도와 관련한 노동조건 개선 등을 요구하고 있다."
c1_52599-1,금융노조는 이번 총파업을 두고 일부 불법파업이라는 지적에 대해 뭐라고 설명했나요?,"그동안 산별교섭 결렬과 중앙노동위원회의 조정결렬, 전체 조합원 쟁의행위 찬반투표 등 법이 정한 절차에 따라 이뤄졌다""고 설명",doc_0006,3,0.831804,doc_0162,doc_0162_chunk_000,X,"""내년부터 정기 상여금과 복리후생비 일부를 최저임금에 포함하는 최저임금법 개정안이 어제 국회 본회의를 통과했습니다. 어제 오후 내내 반대 투쟁을 벌인 노동계가 강경 대응을 예고해 신설되는 경제사회노동위원회 등 8년 만에 복원된 노사정 대화에 차질이 예상됩니다. 이승철 기자가 보도합니다. [리포트] 곳곳에서 고성이 들리고, 몸싸움이 벌어집니다. 최저임금법 개정에 반대하는 민주노총 조합원들입니다. 같은 시각 국회에선 개정안 표결이 진행됐습니다. 찬성 160명, 반대 24명, 기권 14명으로 통과됐습니다. 이로써 내년부턴 매월 지급되는 상여금과 복리후생비 일부가 최저임금에 포함됩니다. 대기업과 중소기업 간의 입장이 약간 엇갈리긴 하지만, 경영계는 급격한 임금 인상 부담을 줄일 수 있게 됐다며 환영합니다. 반면, 노동계는 강경하게 반대합니다.[김명환/민주노총 위원장 : 소득주도 성장, 만원의 행복을 이루겠다던 저 최저임금 공약은 산입범위 확대로 주고 뺏는 배신으로 돌아왔고 만원은 절망이 됐습니다.][김주영/한국노총 위원장 : 저임금 노동자의 생활안정을 보장하고 있는 헌법 정신을 훼손하지 않았는지 법률 전문가의 자문을 얻어 위헌법률 심판제청을 추진할 것입니다.] 역시 국회를 통과한 노사정위를 대신할 경제사회노동위원회도 개점 휴업 상태에 빠지게 됐습니다. 민주노총은 이미 불참을 선언했고, 한국노총도 불참을 검토 중입니다. 8년 만에 복원된 노사"
c1_52599-1,금융노조는 이번 총파업을 두고 일부 불법파업이라는 지적에 대해 뭐라고 설명했나요?,"그동안 산별교섭 결렬과 중앙노동위원회의 조정결렬, 전체 조합원 쟁의행위 찬반투표 등 법이 정한 절차에 따라 이뤄졌다""고 설명",doc_0006,4,0.830179,doc_0087,doc_0087_chunk_001,X,억을 벌었다’는 부분도 사실이 아니다”고 설명했다. 팬이 찍어준 사진을 광고에 사용한 것은 자신이 아니라 광고 회사 측이라는 말도 덧붙였다. 지오는 특히 ‘범죄를 저지르지 않고도 팬의 추억을 망쳤다’는 글의 마지막 부분에 분노했다. 그는 “범죄자와 나를 똑같이 평가했다”며 “팬이었단 이유로 새로운 삶을 살아보려는 사람을 범죄자 취급하며 실망했다고 표현해야 하나”고 지적했다. 가수 생활을 하며 연예 기획사 2곳과 계약을 했던 지오는 대표의 자금 운영 실패로 두 차례 다 활동을 중단했다고 한다. 그는 “타인에 의해 좌우되는 게 싫었다. 그래서 수년 전부터 멤버와 팬에게 개인 방송을 염두에 두고 있다고 말했다”면서 “아이돌로 활동하면 평생 갖춰야 하는 덕목이 존재하나. 난 평생 그 시간 속에 살아야 하나”고 토로했다. 이어 “누군가 글을 게시했는지 짐작이 간다. 엠블랙 커뮤니티에서 활동했고 ‘221.153’으로 시작하는 아이피를 사용하는 사람이다. 이분이 아니어도 혐의가 인정되든 안 되든 무조건 법적 조치 하겠다. 선처는 없다”고 밝혔다. 박은주 기자 wn1247@kmib.co.kr
c1_52599-1,금융노조는 이번 총파업을 두고 일부 불법파업이라는 지적에 대해 뭐라고 설명했나요?,"그동안 산별교섭 결렬과 중앙노동위원회의 조정결렬, 전체 조합원 쟁의행위 찬반투표 등 법이 정한 절차에 따라 이뤄졌다""고 설명",doc_0006,5,0.82867,doc_0166,doc_0166_chunk_000,X,"""최저임금 제도 개선을 위한 막판 협상이 결국 무산됐습니다. 정기 상여금을 최저임금에 포함할지 여부가 최대 쟁점이었는데, 노사가 끝내 견해차를 좁히지 못했습니다. 이종완 기자입니다. [리포트] 최저임금 위원회는 어제 오후 2시부터 서울 모처에서 비공개회의를 열었습니다. 최저임금 산입범위 개편 등을 놓고 12시간 넘게 마라톤 협상을 벌였지만 합의안은 나오지 않았습니다. 최대 쟁점은 정기 상여금을 최저임금에 포함시킬지 여부였습니다. 현재 최저임금은 매달 정기적이고 일률적으로 지급되는 기본급과 직무·직책수당 등 고정수당만 포함됩니다. 경영계 측은 최저임금에 포함하는 항목이 지나치게 제한적인 만큼 상여금과 각종 수당도 포함해야 한다는 입장을 보였습니다. 반면 노동계는 최저임금에 상여금이 포함될 경우 임금 인상 효과가 무력화된다며 반대 입장을 굽히지 않았습니다. 합의안이 나오지 않으면서 최저임금위원회는 오늘 예정됐던 전원회의를 열지 않고 지금까지 논의한 내용만 정부에 그대로 넘기기로 했습니다. 고용노동부는 이 내용을 바탕으로 최저임금 산입범위 개편을 위한 관련 법 개정 여부 등을 국회와 협의할 것으로 예상됩니다. KBS 뉴스 이종완입니다."""
c1_149905-1,예수님께서 진노하는 대상은 누구인가?,소경된 인도자,doc_0007,1,0.855888,doc_0007,doc_0007_chunk_001,X,"했습니다. 오늘날 상황도 이와 같습니다. 영적 소경이 인도자가 돼 이끄는 성도는 성전이 아니라 금을 좇게 됩니다. 금전만능주의, 성공제일주의, 축복신앙, 번영신학 같은 거짓 가르침을 따르게 됩니다. 따라서 성도는 눈을 뜨고 영적 인도자가 소경인지 아닌지를 점검해야 합니다. 예수님의 진노는 교회 지도자뿐 아니라 성도 모두에게 주신 경고입니다(마 23:1). 그렇다면 성도들이 봐야 할 성전과 제단은 무엇을 의미할까요. 성전은 바로 예수 그리스도를 가리킵니다(히 9:11). 따라서 눈뜬 사람은 예수님을 통해 얻는 금보다 예수님을 바라봅니다. 예수 믿고 얼마나 부자 됐는지를 따지지 않고 예수님 자체를 바라봅니다. 또 성도에게 복을 주는 예수님께 감사하고 찬양합니다. 사도행전 3장의 베드로는 ‘눈뜬 인도자’의 대표적 사례입니다. 그는 앉은뱅이에게 ‘은과 금은 내게 없거니와 내게 있는 것으로 네게 주노니 곧 나사렛 예수 그리스도의 이름으로 걸으라’고 선포했습니다(행 3:6). 그러자 앉은뱅이는 일어나서 성전에 들어가 걸으며 하나님을 찬미합니다. 눈뜬 인도자는 성도를 눈뜨게 합니다. 앉은뱅이는 예수의 이름으로 얼마든지 성전에 들어가 하나님을 찬미할 수 있다는 것을 믿고 뛰어들어갑니다. 성전에 바칠 금은 없어도 예수의 이름이 있으면 지금 하나님을 만나 감사하고 찬양할 수 있습니다. 이것이 눈뜬 성도의 자세입니다. 여러분은 무엇으로 하나님 앞에 나아"
c1_149905-1,예수님께서 진노하는 대상은 누구인가?,소경된 인도자,doc_0007,2,0.854141,doc_0007,doc_0007_chunk_000,O,"‘화 있을진저.’ 예수님께서 진노합니다. 단순한 화가 아니라 그 자리에서 돌이키라는 애틋한 호소입니다. 하나님의 분노에는 항상 사랑이 담겨 있습니다. 예수님께서 진노하는 대상은 소경된 인도자입니다(16절). 소경이란 눈먼 자가 아니라 영적 세계를 보지 못하는 자를 말합니다. 당시 대표적 영적 소경은 ‘사두개인’이었습니다. 사두개인은 유대 종교지도자였으나 부활을 믿지 않았습니다. 부활을 믿지 않는 이들은 모든 것을 세상의 기준으로 봅니다. 성전보다 성전의 금을 더 크게 보고(16절), 제단보다 제단 위 예물을 더 귀중하게 봅니다(18절). 성전 안에는 금이 많았습니다. 언약궤, 등대 등 성전의 여러 기구들은 모두 금으로 만들어졌습니다. 그러나 그 금이 거룩한 건 성전 안에 있기 때문입니다. 하지만 영적 소경은 성전 안의 금도 세상의 금과 같이 대했습니다. 제단 위의 예물도 그렇습니다. 제단 위에서 하나님께 드려질 때 소나 양은 거룩한 제물이 됩니다. 그러나 영적 소경은 제단보다 제물을 더 귀중하게 봤습니다. 왜냐하면 소나 양이 제단보다 더 재산 가치가 높았기 때문입니다. 금보다 성전이 더 크다는 것을 보지 못하고 예물보다 제단이 더 귀한 것을 못 보는 자들, 이들이 영적 소경입니다. 이런 사람들이 인도자가 돼 백성을 인도하는 것에 예수님께서는 진노했습니다. 오늘날 상황도 이와 같습니다. 영적 소경이 인도자가 돼 이끄는 성도는 성전이 아"
c1_149905-1,예수님께서 진노하는 대상은 누구인가?,소경된 인도자,doc_0007,3,0.827611,doc_0007,doc_0007_chunk_002,X,"찬양할 수 있습니다. 이것이 눈뜬 성도의 자세입니다. 여러분은 무엇으로 하나님 앞에 나아가 예배하십니까. 금입니까, 하나님께서 주신 예수 그리스도의 이름입니까. 우리는 하나님께 최고의 예물을 드리려 하지만 현실은 녹록지 않습니다. 성공보다 실패가 많고 기쁨보다 고통이 많습니다. 그러다 보니 하나님께 드릴 예물이 없다고 생각합니다. 그러나 어떤 예물이든 제단인 예수님의 십자가 위에 드릴 때, 하나님께서는 실패나 고통마저도 귀한 예물로 받아 주십니다. 또한 영적 인도자는 눈을 떠야 합니다. 그래야 성도를 눈뜨게 합니다. 눈뜬 성도는 하나님께 예물을 드릴 수 있는 자리가 예수님의 십자가임을 압니다. 하나님은 예수님의 십자가에 놓인 성도 여러분의 모든 것을 아름다운 예물로 받을 것입니다. 금보다 성전을, 예물보다 제단을 바라보는 눈뜬 성도가 되기를 바랍니다. 강승구 창원 남산교회 목사"
c1_149905-1,예수님께서 진노하는 대상은 누구인가?,소경된 인도자,doc_0007,4,0.807554,doc_0088,doc_0088_chunk_000,X,"10주년 전면 개정증보판이다. 내용은 대폭 수정했고 사진도 저자가 직접 촬영한 자료로 대체했다. 584쪽에 이르는 만만찮은 분량이지만 내용은 딱딱하지 않다. 저자는 서울신학대 유재덕(기독교교육과) 교수로 2000년 기독교 역사를 쉽게 풀어냈다. 기존 교회사가들이 시대순으로 역사를 정리했다면 유 교수는 일반 세계사와 기독교 역사, 과거와 현재를 넘나들며 기술했다. 역사 속 사건의 배경과 문화에 대해서도 지나치지 않고 세밀히 다루고 있는 것이 특징이다. 유 교수는 17일 국민일보와의 전화통화에서 “역사서 집필에 당시 배경지식과 문화를 담은 것은 오늘의 기독교 역사를 만든 계기를 확인하기 위해서였다”며 “AD 64년 로마의 네로 황제 때 발생한 화재 사건이나 아우구스티누스의 모친 모니카가 아들을 계속 따라다닌 사연 등이 여기에 해당한다”고 말했다. 실제로 유 교수는 로마의 대화재를 조사하기 위해 현장을 답사했다. 그는 “로마는 지금도 여름에 바람이 많이 부는 곳”이라며 “당시 화재는 7월에 발생했는데 강한 바람을 타고 확산돼 일주일간 계속됐다”고 설명했다. 화재는 민심을 험악하게 만들었고 네로 황제는 화마의 원인을 소수 그리스도인에게 돌렸다. 초기 기독교 박해는 이렇게 시작돼 그리스도인은 전 세계로 흩어진다. 이밖에도 마르틴 루터가 부인 카타리나 폰 보라를 너무나 사랑해 신약성경 갈라디아서에 비유했던 이야기, ‘신학대전’을 썼던 토마스 아"
c1_149905-1,예수님께서 진노하는 대상은 누구인가?,소경된 인도자,doc_0007,5,0.800391,doc_0069,doc_0069_chunk_000,X,"국가정보원이 지난 2009년 5월 고 노무현 전 대통령 서거 당시에도 '정신적으로 불안한 사람' '통 크게 뇌물 먹고 자살한 사람' 등의 비판댓글을 유포한 것으로 나타났다. 민주당 진선미 의원이 26일 서울중앙지검으로부터 제출받은 '국정원 대선 개입 사건 범죄일람표'에 따르면, 국정원은 지난 2009년 5월23일 노 전 대통령 서거 뒤 노 전 대통령과 추모 열기를 비판하는 내용의 댓글 수 백개를 인터넷 사이트 게시판에 무더기로 올린 것으로 나타났다. 자료를 살펴보면 이 같은 댓글 유포는 원세훈 전 국정원장이 취임한 직후인 2009년 2월부터 시작했다. 국정원 직원들에 의한 댓글은 포털 사이트 '다음'의 '아고라'는 물론 다른 포털사이트인 '네이버'와 '네이트' 등에도 달렸다. 검찰이 확보한 댓글에는 ""통 크게 뇌물 먹고 자살한 자는 순교자지?"", ""정신적으로 불안한 사람을 지도자로 뽑으면 안 되겠다"", ""노무현은 자살한 거지, 주변의 뇌물수수에 대해 원망하다가 검찰 수사에 분노하다가, 자기 자신을 향해 분노를 터뜨린 것에 불과한 것"", ""놈현이가 저세상에 와서 보니 아주 큰 죄가 많았군요~ 살아있을 때 잘하지~ 왜 거기 가서 죽어서 후회하나~좌빨 여러분~ 있을 때 잘하세요~"" 등이 포함돼 있다."
c1_149906-1,소경이란 무엇을 의미하는가?,눈먼 자가 아니라 영적 세계를 보지 못하는 자를 말합니다.,doc_0007,1,0.828836,doc_0007,doc_0007_chunk_000,O,"‘화 있을진저.’ 예수님께서 진노합니다. 단순한 화가 아니라 그 자리에서 돌이키라는 애틋한 호소입니다. 하나님의 분노에는 항상 사랑이 담겨 있습니다. 예수님께서 진노하는 대상은 소경된 인도자입니다(16절). 소경이란 눈먼 자가 아니라 영적 세계를 보지 못하는 자를 말합니다. 당시 대표적 영적 소경은 ‘사두개인’이었습니다. 사두개인은 유대 종교지도자였으나 부활을 믿지 않았습니다. 부활을 믿지 않는 이들은 모든 것을 세상의 기준으로 봅니다. 성전보다 성전의 금을 더 크게 보고(16절), 제단보다 제단 위 예물을 더 귀중하게 봅니다(18절). 성전 안에는 금이 많았습니다. 언약궤, 등대 등 성전의 여러 기구들은 모두 금으로 만들어졌습니다. 그러나 그 금이 거룩한 건 성전 안에 있기 때문입니다. 하지만 영적 소경은 성전 안의 금도 세상의 금과 같이 대했습니다. 제단 위의 예물도 그렇습니다. 제단 위에서 하나님께 드려질 때 소나 양은 거룩한 제물이 됩니다. 그러나 영적 소경은 제단보다 제물을 더 귀중하게 봤습니다. 왜냐하면 소나 양이 제단보다 더 재산 가치가 높았기 때문입니다. 금보다 성전이 더 크다는 것을 보지 못하고 예물보다 제단이 더 귀한 것을 못 보는 자들, 이들이 영적 소경입니다. 이런 사람들이 인도자가 돼 백성을 인도하는 것에 예수님께서는 진노했습니다. 오늘날 상황도 이와 같습니다. 영적 소경이 인도자가 돼 이끄는 성도는 성전이 아"
c1_149906-1,소경이란 무엇을 의미하는가?,눈먼 자가 아니라 영적 세계를 보지 못하는 자를 말합니다.,doc_0007,2,0.805756,doc_0102,doc_0102_chunk_001,X,"소치라 여겼다""며 ""목민관이 지녀야 할 최소한의 애민정신""이라고 '천재' 를 이유로 절반의 책임을 회피한 오 시장을 꼬집었다."
c1_149906-1,소경이란 무엇을 의미하는가?,눈먼 자가 아니라 영적 세계를 보지 못하는 자를 말합니다.,doc_0007,3,0.804213,doc_0007,doc_0007_chunk_001,X,"했습니다. 오늘날 상황도 이와 같습니다. 영적 소경이 인도자가 돼 이끄는 성도는 성전이 아니라 금을 좇게 됩니다. 금전만능주의, 성공제일주의, 축복신앙, 번영신학 같은 거짓 가르침을 따르게 됩니다. 따라서 성도는 눈을 뜨고 영적 인도자가 소경인지 아닌지를 점검해야 합니다. 예수님의 진노는 교회 지도자뿐 아니라 성도 모두에게 주신 경고입니다(마 23:1). 그렇다면 성도들이 봐야 할 성전과 제단은 무엇을 의미할까요. 성전은 바로 예수 그리스도를 가리킵니다(히 9:11). 따라서 눈뜬 사람은 예수님을 통해 얻는 금보다 예수님을 바라봅니다. 예수 믿고 얼마나 부자 됐는지를 따지지 않고 예수님 자체를 바라봅니다. 또 성도에게 복을 주는 예수님께 감사하고 찬양합니다. 사도행전 3장의 베드로는 ‘눈뜬 인도자’의 대표적 사례입니다. 그는 앉은뱅이에게 ‘은과 금은 내게 없거니와 내게 있는 것으로 네게 주노니 곧 나사렛 예수 그리스도의 이름으로 걸으라’고 선포했습니다(행 3:6). 그러자 앉은뱅이는 일어나서 성전에 들어가 걸으며 하나님을 찬미합니다. 눈뜬 인도자는 성도를 눈뜨게 합니다. 앉은뱅이는 예수의 이름으로 얼마든지 성전에 들어가 하나님을 찬미할 수 있다는 것을 믿고 뛰어들어갑니다. 성전에 바칠 금은 없어도 예수의 이름이 있으면 지금 하나님을 만나 감사하고 찬양할 수 있습니다. 이것이 눈뜬 성도의 자세입니다. 여러분은 무엇으로 하나님 앞에 나아"
c1_149906-1,소경이란 무엇을 의미하는가?,눈먼 자가 아니라 영적 세계를 보지 못하는 자를 말합니다.,doc_0007,4,0.802285,doc_0003,doc_0003_chunk_000,X,중국의 한 여성 경찰이 아파트에서 추락하던 3세 아이를 살리고 자신은 혼수상태에 빠졌습니다. 의인(義人)의 소식이 알려지자 각박한 중국 사회에 큰 반향을 일으키고 있습니다. 5일 귀주도시망 등 중국 현지 언론에 따르면 구이저우성 카일리시에 보조 교통 경찰로 일하는 천중핑(49)은 지난달 28일 한 아파트에서 비상 상황이 발생했다는 연락을 받고 현장으로 향했습니다. 도착했을 때 아파트 4층 창문에서 여자 아이가 매달려 있었습니다. 곧이어 아이는 손에 힘이 빠지면서 밑으로 추락했습니다. 천중핑과 다른 세명의 이웃들이 달려갔습니다. 그리고 아이는 바닥이 아니라 천중핑의 팔에 떨어졌습니다. 중간 비막이 천막 때문에 속도가 줄기는 했지만 추락의 충격은 천중핑이 고스란히 감당해야 했습니다. 아이는 즉시 병원으로 옮겨져 치료를 받았습니다. 다리 골절로 그리 심각한 상황은 아니라고 합니다. 하지만 생명의 은인이자 영웅은 커다란 댓가를 치러야 했다. 뇌출혈로 인한 의식불명 상태에 빠진 것이다. 다행히 이틀 간의 코마 상태 이후 의식을 회복해 지난 2일부터 중환자실에서 치료를 받고 있습니다. 아이는 열쇠공이 문을 따는 소리에 겁을 먹고 창문 밖으로 도망을 치려다 사고를 당한 것으로 전해졌습니다. 아이가 잠든 사이 돌보던 아이의 할머니가 쓰레기를 버리러 나갔다가 문이 잠기는 바람에 열쇠공을 불렀던 것입니다. 아이의 엄마는 “천중핑의 도움이 없었다면 아이
c1_149906-1,소경이란 무엇을 의미하는가?,눈먼 자가 아니라 영적 세계를 보지 못하는 자를 말합니다.,doc_0007,5,0.801517,doc_0150,doc_0150_chunk_000,X,"2017년 10월 16일에 공영홈쇼핑에서 런칭 후 방송인 송도순의 건강비법으로 알려진 ‘다움자연생식’이 시간대 시청률을 훨씬 웃돌며 방송이 연일 계속되고 있다. 방송에서 준비된 물량을 빠르게 소진하며 2018년 건강식 제품의 인기 품목으로, 이를 방영해 13회차 방송을 3월 17일(토) 오전 9시 50분에 편성됐다고 밝혔다. 방송에서는 송도순씨가 생식(生食)을 먹고 건강을 회복한 경험을 바탕으로 직접 국내 최초 생식 개발자 김수경 박사와 요리하는 약사로 유명한 엄성희 요리연구가가 공동 개발했다. 현대인의 영양불균형을 해결할 수 있는 식사대용식과 영양보충식을 결합한 대안으로 차별화된 경쟁력을 갖추고 있다. 다움자연생식은 57가지 100% 국산 통곡류, 채소류, 과일류와 프로바이오틱스 19종 혼합유산균을 한 번에 담았다. 여기에는 비타민, 미네랄, 섬유질 등이 풍부해 땅속의 보약으로 불리는 뿌리채소 12종과 미국 타임지가 선정한 슈퍼푸드 7가지(브로콜리, 시금지, 마늘, 귀리, 토마토, 블루베리, 녹차)가 함유되었다. 또한 안토시아닌이 풍부한 블랙푸드 4종 검은콩, 검은깨, 다시마, 미역을 첨가해 영양과 고소한 맛을 더한 것이 특징. 정통생식으로 유명한 개발자의 제품철학에 따라 일체 첨가물 없이 고유의 맛과 향, 영양소를 최대로 담아냈다. 김수경 박사는 “다움자연생식은 건강을 챙기는 소비자들을 위한 최적의 생식(生食)으로 출시됐다.”며,"
